Obręb,Obręb nr,Arkusz,Nr działki,Pełny numer działki,Powierzchnia działki,Jednostka,Data ustanowienia
GOLĘCIN (20),20,31,79/1,20/31/79/1,0.5786,Szkoła Podstawowa nr 89   ,
GOLĘCIN (20),20,38,62/2,20/38/62/2,0.0104,Urząd Statystyczny w Poznaniu   ,
GOLĘCIN (20),20,38,60,20/38/60,0.1508,Urząd Statystyczny w Poznaniu   ,
GOLĘCIN (20),20,29,12/1,20/29/12/1,0.0255,"Przedszkole nr 155 ""POLANIE""   ",
GOLĘCIN (20),20,29,12/1,20/29/12/1,0.0255,Szkoła Podstawowa nr 27 im.Stefana Czarnieckiego   ,2017-11-18T02:00:00+01:00
GOLĘCIN (20),20,29,20/1,20/29/20/1,0.2393,"Przedszkole nr 155 ""POLANIE""   ",
GOLĘCIN (20),20,29,20/1,20/29/20/1,0.2393,Szkoła Podstawowa nr 27 im.Stefana Czarnieckiego   ,2017-11-18T02:00:00+01:00
GOLĘCIN (20),20,29,17,20/29/17,0.0451,"Przedszkole nr 155 ""POLANIE""   ",
GOLĘCIN (20),20,29,17,20/29/17,0.0451,Szkoła Podstawowa nr 27 im.Stefana Czarnieckiego   ,2017-11-18T02:00:00+01:00
GOLĘCIN (20),20,29,41,20/29/41,0.0529,"Przedszkole nr 155 ""POLANIE""   ",
GOLĘCIN (20),20,29,41,20/29/41,0.0529,Szkoła Podstawowa nr 27 im.Stefana Czarnieckiego   ,2017-11-18T02:00:00+01:00
GOLĘCIN (20),20,29,39,20/29/39,0.0501,"Przedszkole nr 155 ""POLANIE""   ",
GOLĘCIN (20),20,29,39,20/29/39,0.0501,Szkoła Podstawowa nr 27 im.Stefana Czarnieckiego   ,2017-11-18T02:00:00+01:00
GOLĘCIN (20),20,29,42,20/29/42,0.0505,"Przedszkole nr 155 ""POLANIE""   ",
GOLĘCIN (20),20,29,42,20/29/42,0.0505,Szkoła Podstawowa nr 27 im.Stefana Czarnieckiego   ,2017-11-18T02:00:00+01:00
GOLĘCIN (20),20,06,4/1,20/06/4/1,0.4021,Zespół Szkolno-Przedszkolny nr 15   ,2022-03-12T02:00:00+01:00
GOLĘCIN (20),20,22,4/1,20/22/4/1,0.1456,Zarząd Zieleni Miejskiej   ,2017-04-27T04:00:00+02:00
GOLĘCIN (20),20,29,72/1,20/29/72/1,0.0539,"Przedszkole nr 155 ""POLANIE""   ",
GOLĘCIN (20),20,29,72/1,20/29/72/1,0.0539,Szkoła Podstawowa nr 27 im.Stefana Czarnieckiego   ,2017-11-18T02:00:00+01:00
GOLĘCIN (20),20,13,1/972,20/13/1/972,0.0485,"Przedszkole nr 77 ""Koraliki""   ",2018-07-10T04:00:00+02:00
GOLĘCIN (20),20,13,1/962,20/13/1/962,0.0209,Zarząd Zieleni Miejskiej   ,
GOLĘCIN (20),20,42,60/5,20/42/60/5,0.0793,Zarząd Zieleni Miejskiej   ,
GOLĘCIN (20),20,29,73/1,20/29/73/1,0.0464,"Przedszkole nr 155 ""POLANIE""   ",
GOLĘCIN (20),20,29,73/1,20/29/73/1,0.0464,Szkoła Podstawowa nr 27 im.Stefana Czarnieckiego   ,2017-11-18T02:00:00+01:00
JEŻYCE (21),21,18,1/8,21/18/1/8,0.4195,Zarząd Transportu Miejskiego w Poznaniu   ,
JEŻYCE (21),21,18,1/7,21/18/1/7,0.6575,Zarząd Transportu Miejskiego w Poznaniu   ,
GOLĘCIN (20),20,29,74/1,20/29/74/1,0.0205,"Przedszkole nr 155 ""POLANIE""   ",
GOLĘCIN (20),20,29,74/1,20/29/74/1,0.0205,Szkoła Podstawowa nr 27 im.Stefana Czarnieckiego   ,2017-11-18T02:00:00+01:00
GOLĘCIN (20),20,41,48/12,20/41/48/12,1.4854,XXXVIII Dwujęzyczne Liceum Ogólnokształcące im.Jana Nowaka-Jeziorańskiego   ,
GOLĘCIN (20),20,33,35/6,20/33/35/6,0.0345,Prezydent Miasta Poznania   ,
GOLĘCIN (20),20,31,143/10,20/31/143/10,0.3122,Zarząd Zieleni Miejskiej   ,
GOLĘCIN (20),20,29,9/2,20/29/9/2,0.0154,"Przedszkole nr 155 ""POLANIE""   ",
GOLĘCIN (20),20,29,9/2,20/29/9/2,0.0154,Szkoła Podstawowa nr 27 im.Stefana Czarnieckiego   ,2017-11-18T02:00:00+01:00
GOLĘCIN (20),20,37,2/6,20/37/2/6,0.0172,Zarząd Zieleni Miejskiej   ,
GOLĘCIN (20),20,41,76/6,20/41/76/6,1.4058,Zarząd Zieleni Miejskiej   ,
GOLĘCIN (20),20,36,18/5,20/36/18/5,0.384,Poznańskie Ośrodki Sportu i Rekreacji   ,
GOLĘCIN (20),20,29,28/3,20/29/28/3,0.0966,"Przedszkole nr 155 ""POLANIE""   ",
GOLĘCIN (20),20,29,28/3,20/29/28/3,0.0966,Szkoła Podstawowa nr 27 im.Stefana Czarnieckiego   ,2017-11-18T02:00:00+01:00
GOLĘCIN (20),20,29,23,20/29/23,0.045,"Przedszkole nr 155 ""POLANIE""   ",
GOLĘCIN (20),20,29,23,20/29/23,0.045,Szkoła Podstawowa nr 27 im.Stefana Czarnieckiego   ,2017-11-18T02:00:00+01:00
GOLĘCIN (20),20,29,62/1,20/29/62/1,0.0427,"Przedszkole nr 155 ""POLANIE""   ",
GOLĘCIN (20),20,29,62/1,20/29/62/1,0.0427,Szkoła Podstawowa nr 27 im.Stefana Czarnieckiego   ,2017-11-18T02:00:00+01:00
JEŻYCE (21),21,12,26,21/12/26,0.1032,Komenda Wojewódzka Policji w Poznaniu   ,
GOLĘCIN (20),20,39,87,20/39/87,0.517,Zarząd Zieleni Miejskiej   ,
GOLĘCIN (20),20,25,15/58,20/25/15/58,0.0027,Komenda Wojewódzka Policji w Poznaniu   ,
GOLĘCIN (20),20,06,3/15,20/06/3/15,0.0136,Zespół Szkolno-Przedszkolny nr 15   ,2022-03-12T02:00:00+01:00
GOLĘCIN (20),20,31,83/8,20/31/83/8,0.4924,Szkoła Podstawowa nr 89   ,
GOLĘCIN (20),20,40,1/6,20/40/1/6,0.4246,Zarząd Zieleni Miejskiej   ,
GOLĘCIN (20),20,15,17,20/15/17,0.7818,Poznańskie Ośrodki Sportu i Rekreacji   ,
GOLĘCIN (20),20,25,15/78,20/25/15/78,4.1137,Komenda Wojewódzka Policji w Poznaniu   ,
GOLĘCIN (20),20,15,7,20/15/7,0.1128,Prezydent Miasta Poznania   ,
GOLĘCIN (20),20,04,52,20/04/52,1.1447,Zespół Szkolno-Przedszkolny nr 15   ,2022-03-12T02:00:00+01:00
GOLĘCIN (20),20,36,17,20/36/17,0.116,Poznańskie Ośrodki Sportu i Rekreacji   ,
GOLĘCIN (20),20,45,119,20/45/119,0.0535,Zarząd Dróg Miejskich   ,
GOLĘCIN (20),20,45,121,20/45/121,0.3749,Zarząd Dróg Miejskich   ,
GOLĘCIN (20),20,45,124/2,20/45/124/2,0.0058,Zarząd Dróg Miejskich   ,
JEŻYCE (21),21,12,20/1,21/12/20/1,0.0002,Komenda Wojewódzka Policji w Poznaniu   ,
JEŻYCE (21),21,12,20/2,21/12/20/2,0.5968,Komenda Wojewódzka Policji w Poznaniu   ,
GOLĘCIN (20),20,29,69/1,20/29/69/1,0.112,"Przedszkole nr 155 ""POLANIE""   ",
GOLĘCIN (20),20,29,69/1,20/29/69/1,0.112,Szkoła Podstawowa nr 27 im.Stefana Czarnieckiego   ,2017-11-18T02:00:00+01:00
GOLĘCIN (20),20,29,33/1,20/29/33/1,0.059,"Przedszkole nr 155 ""POLANIE""   ",
GOLĘCIN (20),20,29,33/1,20/29/33/1,0.059,Szkoła Podstawowa nr 27 im.Stefana Czarnieckiego   ,2017-11-18T02:00:00+01:00
GOLĘCIN (20),20,36,19,20/36/19,0.0251,Poznańskie Ośrodki Sportu i Rekreacji   ,
GOLĘCIN (20),20,36,21,20/36/21,0.0707,Poznańskie Ośrodki Sportu i Rekreacji   ,
GOLĘCIN (20),20,29,25,20/29/25,0.0744,"Przedszkole nr 155 ""POLANIE""   ",
GOLĘCIN (20),20,29,25,20/29/25,0.0744,Szkoła Podstawowa nr 27 im.Stefana Czarnieckiego   ,2017-11-18T02:00:00+01:00
GOLĘCIN (20),20,29,6/1,20/29/6/1,0.0063,"Przedszkole nr 155 ""POLANIE""   ",
GOLĘCIN (20),20,29,6/1,20/29/6/1,0.0063,Szkoła Podstawowa nr 27 im.Stefana Czarnieckiego   ,2017-11-18T02:00:00+01:00
GOLĘCIN (20),20,38,27,20/38/27,0.0794,Przedszkole nr 171   ,
GOLĘCIN (20),20,29,11/1,20/29/11/1,0.0235,"Przedszkole nr 155 ""POLANIE""   ",
GOLĘCIN (20),20,29,11/1,20/29/11/1,0.0235,Szkoła Podstawowa nr 27 im.Stefana Czarnieckiego   ,2017-11-18T02:00:00+01:00
GOLĘCIN (20),20,36,18/2,20/36/18/2,22.4791,Poznańskie Ośrodki Sportu i Rekreacji   ,
GOLĘCIN (20),20,29,34/1,20/29/34/1,0.0026,"Przedszkole nr 155 ""POLANIE""   ",
GOLĘCIN (20),20,29,34/1,20/29/34/1,0.0026,Szkoła Podstawowa nr 27 im.Stefana Czarnieckiego   ,2017-11-18T02:00:00+01:00
GOLĘCIN (20),20,29,4/7,20/29/4/7,0.1189,"Przedszkole nr 155 ""POLANIE""   ",
GOLĘCIN (20),20,29,4/7,20/29/4/7,0.1189,Szkoła Podstawowa nr 27 im.Stefana Czarnieckiego   ,2017-11-18T02:00:00+01:00
GOLĘCIN (20),20,22,5/8,20/22/5/8,0.294,Zarząd Zieleni Miejskiej   ,2017-04-27T04:00:00+02:00
GOLĘCIN (20),20,29,43,20/29/43,0.0566,"Przedszkole nr 155 ""POLANIE""   ",
GOLĘCIN (20),20,29,43,20/29/43,0.0566,Szkoła Podstawowa nr 27 im.Stefana Czarnieckiego   ,2017-11-18T02:00:00+01:00
GOLĘCIN (20),20,29,44,20/29/44,0.044,"Przedszkole nr 155 ""POLANIE""   ",
GOLĘCIN (20),20,29,44,20/29/44,0.044,Szkoła Podstawowa nr 27 im.Stefana Czarnieckiego   ,2017-11-18T02:00:00+01:00
GOLĘCIN (20),20,29,16,20/29/16,0.1514,"Przedszkole nr 155 ""POLANIE""   ",
GOLĘCIN (20),20,29,16,20/29/16,0.1514,Szkoła Podstawowa nr 27 im.Stefana Czarnieckiego   ,2017-11-18T02:00:00+01:00
GOLĘCIN (20),20,29,67/1,20/29/67/1,0.0212,"Przedszkole nr 155 ""POLANIE""   ",
GOLĘCIN (20),20,29,67/1,20/29/67/1,0.0212,Szkoła Podstawowa nr 27 im.Stefana Czarnieckiego   ,2017-11-18T02:00:00+01:00
GOLĘCIN (20),20,29,46/1,20/29/46/1,0.0104,"Przedszkole nr 155 ""POLANIE""   ",
GOLĘCIN (20),20,29,46/1,20/29/46/1,0.0104,Szkoła Podstawowa nr 27 im.Stefana Czarnieckiego   ,2017-11-18T02:00:00+01:00
GOLĘCIN (20),20,06,4/23,20/06/4/23,0.0109,Zespół Szkolno-Przedszkolny nr 15   ,2022-03-12T02:00:00+01:00
GOLĘCIN (20),20,22,2/2,20/22/2/2,0.0464,Zarząd Zieleni Miejskiej   ,2017-04-27T04:00:00+02:00
GOLĘCIN (20),20,22,3/4,20/22/3/4,0.044,Zarząd Zieleni Miejskiej   ,2017-04-27T04:00:00+02:00
GOLĘCIN (20),20,15,16/1,20/15/16/1,0.4666,Poznańskie Ośrodki Sportu i Rekreacji   ,
GOLĘCIN (20),20,38,61/1,20/38/61/1,0.0542,Urząd Statystyczny w Poznaniu   ,
JEŻYCE (21),21,21,232/3,21/21/232/3,0.6081,Szkoła Podstawowa nr 70 im. Mikołaja Kopernika   ,
JEŻYCE (21),21,21,61/2,21/21/61/2,0.1753,IV Liceum Ogólnokształcące im. Komisji Edukacji Narodowej   ,
JEŻYCE (21),21,14,94/2,21/14/94/2,0.3101,Poznański Zespół Żłobków   ,
GOLĘCIN (20),20,29,24,20/29/24,0.0299,"Przedszkole nr 155 ""POLANIE""   ",
GOLĘCIN (20),20,29,24,20/29/24,0.0299,Szkoła Podstawowa nr 27 im.Stefana Czarnieckiego   ,2017-11-18T02:00:00+01:00
GOLĘCIN (20),20,31,134/8,20/31/134/8,0.0228,Zarząd Transportu Miejskiego w Poznaniu   ,
GOLĘCIN (20),20,06,3/3,20/06/3/3,0.5787,Zespół Szkolno-Przedszkolny nr 15   ,
GOLĘCIN (20),20,35,1/12,20/35/1/12,0.546,"Przedszkole nr 3 ""Promyczek""   ",
GOLĘCIN (20),20,04,16/6,20/04/16/6,0.0323,Zespół Szkolno-Przedszkolny nr 15   ,2022-03-12T02:00:00+01:00
GOLĘCIN (20),20,29,68,20/29/68,0.0188,"Przedszkole nr 155 ""POLANIE""   ",
GOLĘCIN (20),20,29,68,20/29/68,0.0188,Szkoła Podstawowa nr 27 im.Stefana Czarnieckiego   ,2017-11-18T02:00:00+01:00
GOLĘCIN (20),20,29,18,20/29/18,0.0075,"Przedszkole nr 155 ""POLANIE""   ",
GOLĘCIN (20),20,29,18,20/29/18,0.0075,Szkoła Podstawowa nr 27 im.Stefana Czarnieckiego   ,2017-11-18T02:00:00+01:00
GOLĘCIN (20),20,29,40,20/29/40,0.0626,"Przedszkole nr 155 ""POLANIE""   ",
GOLĘCIN (20),20,29,40,20/29/40,0.0626,Szkoła Podstawowa nr 27 im.Stefana Czarnieckiego   ,2017-11-18T02:00:00+01:00
GOLĘCIN (20),20,31,134/9,20/31/134/9,0.0378,Zarząd Transportu Miejskiego w Poznaniu   ,
GOLĘCIN (20),20,29,15/1,20/29/15/1,0.0385,"Przedszkole nr 155 ""POLANIE""   ",
GOLĘCIN (20),20,29,15/1,20/29/15/1,0.0385,Szkoła Podstawowa nr 27 im.Stefana Czarnieckiego   ,2017-11-18T02:00:00+01:00
GOLĘCIN (20),20,36,20,20/36/20,0.0724,Poznańskie Ośrodki Sportu i Rekreacji   ,
GOLĘCIN (20),20,45,120,20/45/120,0.0103,Zarząd Dróg Miejskich   ,
GOLĘCIN (20),20,24,3/1,20/24/3/1,3.9829,Poznańskie Ośrodki Sportu i Rekreacji   ,
GOLĘCIN (20),20,31,78/3,20/31/78/3,0.0041,Szkoła Podstawowa nr 89   ,
GOLĘCIN (20),20,29,13/1,20/29/13/1,0.0292,"Przedszkole nr 155 ""POLANIE""   ",
GOLĘCIN (20),20,29,13/1,20/29/13/1,0.0292,Szkoła Podstawowa nr 27 im.Stefana Czarnieckiego   ,2017-11-18T02:00:00+01:00
GOLĘCIN (20),20,29,14/1,20/29/14/1,0.0306,"Przedszkole nr 155 ""POLANIE""   ",
GOLĘCIN (20),20,29,14/1,20/29/14/1,0.0306,Szkoła Podstawowa nr 27 im.Stefana Czarnieckiego   ,2017-11-18T02:00:00+01:00
GOLĘCIN (20),20,29,10/1,20/29/10/1,0.0198,"Przedszkole nr 155 ""POLANIE""   ",
GOLĘCIN (20),20,29,10/1,20/29/10/1,0.0198,Szkoła Podstawowa nr 27 im.Stefana Czarnieckiego   ,2017-11-18T02:00:00+01:00
GOLĘCIN (20),20,13,1/951,20/13/1/951,1.6687,Szkoła Podstawowa nr 1   ,
GOLĘCIN (20),20,14,1/77,20/14/1/77,0.2353,Zarząd Zieleni Miejskiej   ,
GOLĘCIN (20),20,45,127/2,20/45/127/2,0.3518,Zarząd Dróg Miejskich   ,2016-09-27T04:00:00+02:00
GOLĘCIN (20),20,29,61/1,20/29/61/1,0.0625,"Przedszkole nr 155 ""POLANIE""   ",
GOLĘCIN (20),20,29,61/1,20/29/61/1,0.0625,Szkoła Podstawowa nr 27 im.Stefana Czarnieckiego   ,2017-11-18T02:00:00+01:00
GOLĘCIN (20),20,38,124/3,20/38/124/3,0.2177,Zarząd Zieleni Miejskiej   ,
GOLĘCIN (20),20,14,1/229,20/14/1/229,1.5385,Dom Pomocy Społecznej   ,2021-12-08T02:00:00+01:00
GOLĘCIN (20),20,25,15/77,20/25/15/77,0.2709,Komenda Wojewódzka Policji w Poznaniu   ,
GOLĘCIN (20),20,38,86/4,20/38/86/4,0.2479,Zarząd Zieleni Miejskiej   ,
GOLĘCIN (20),20,38,86/7,20/38/86/7,0.0632,Zarząd Zieleni Miejskiej   ,
JEŻYCE (21),21,18,26/2,21/18/26/2,0.1042,Zarząd Zieleni Miejskiej   ,
JEŻYCE (21),21,15,114/16,21/15/114/16,0.006,Zarząd Dróg Miejskich   ,
JEŻYCE (21),21,18,25,21/18/25,0.0584,Zarząd Zieleni Miejskiej   ,
JEŻYCE (21),21,01,201,21/01/201,0.1296,Zespół Szkolno-Przedszkolny nr 13   ,
JEŻYCE (21),21,13,1/1,21/13/1/1,0.1889,Zarząd Zieleni Miejskiej   ,
SPŁAWIE (9),9,29,4/19,9/29/4/19,0.044,Zarząd Dróg Miejskich   ,
SPŁAWIE (9),9,32,19/2,9/32/19/2,1.1871,Generalna Dyrekcja Dróg Krajowych i Autostrad   ,
SPŁAWIE (9),9,29,4/5,9/29/4/5,0.1406,Zarząd Dróg Miejskich   ,
SPŁAWIE (9),9,32,20/4,9/32/20/4,0.0024,Generalna Dyrekcja Dróg Krajowych i Autostrad   ,
SPŁAWIE (9),9,24,48,9/24/48,0.4663,Zarząd Dróg Miejskich   ,
JEŻYCE (21),21,09,32/4,21/09/32/4,0.0257,Sąd Okręgowy w Poznaniu   ,
JEŻYCE (21),21,12,87/2,21/12/87/2,0.4016,Komenda Wojewódzka Policji w Poznaniu   ,
JEŻYCE (21),21,15,114/48,21/15/114/48,0.0047,Zarząd Dróg Miejskich   ,
JEŻYCE (21),21,12,4,21/12/4,0.0222,Komenda Wojewódzka Policji w Poznaniu   ,2022-12-22T02:00:00+01:00
JEŻYCE (21),21,12,17/2,21/12/17/2,0.0115,Komenda Wojewódzka Policji w Poznaniu   ,
JEŻYCE (21),21,17,5/2,21/17/5/2,0.3295,Ośrodek Szkolno-Wychowawczy Dla Dzieci i Młodzieży Niepełnosprawnej im. Zbigniewa Tylewicza   ,
JEŻYCE (21),21,12,81,21/12/81,0.0058,Komenda Wojewódzka Policji w Poznaniu   ,
JEŻYCE (21),21,12,22/1,21/12/22/1,0.0226,Komenda Wojewódzka Policji w Poznaniu   ,
JEŻYCE (21),21,09,45/1,21/09/45/1,0.0347,Zespół Szkół Zawodowych nr 1   ,
JEŻYCE (21),21,13,24/12,21/13/24/12,0.0405,"Przedszkole nr 86 "" Tęczowy Świat ""   ",
JEŻYCE (21),21,01,195,21/01/195,0.0877,Zespół Szkolno-Przedszkolny nr 13   ,
JEŻYCE (21),21,13,23,21/13/23,0.0723,"Przedszkole nr 86 "" Tęczowy Świat ""   ",
JEŻYCE (21),21,01,197,21/01/197,0.1033,Zespół Szkolno-Przedszkolny nr 13   ,
JEŻYCE (21),21,16,70,21/16/70,0.0582,Szkoła Podstawowa nr 71 im.Janusza Kusocińskiego   ,
JEŻYCE (21),21,16,70,21/16/70,0.0582,Zespół Szkół Komunikacji im. Hipolita Cegielskiego w Poznaniu   ,2018-03-30T04:00:00+02:00
JEŻYCE (21),21,01,198,21/01/198,0.1036,Zespół Szkolno-Przedszkolny nr 13   ,
JEŻYCE (21),21,12,139,21/12/139,0.1113,Kuratorium Oświaty   ,
JEŻYCE (21),21,16,7/5,21/16/7/5,0.8047,Szkoła Podstawowa nr 71 im.Janusza Kusocińskiego   ,
JEŻYCE (21),21,16,7/5,21/16/7/5,0.8047,Zespół Szkół Komunikacji im. Hipolita Cegielskiego w Poznaniu   ,2018-03-30T04:00:00+02:00
JEŻYCE (21),21,12,28,21/12/28,0.0399,Komenda Wojewódzka Policji w Poznaniu   ,
JEŻYCE (21),21,09,9/3,21/09/9/3,0.026,"Przedszkole nr 96 ""Jarzębinka""   ",
JEŻYCE (21),21,16,72/2,21/16/72/2,0.0382,Szkoła Podstawowa nr 71 im.Janusza Kusocińskiego   ,
JEŻYCE (21),21,16,72/2,21/16/72/2,0.0382,Zespół Szkół Komunikacji im. Hipolita Cegielskiego w Poznaniu   ,2018-03-30T04:00:00+02:00
JEŻYCE (21),21,15,7/1,21/15/7/1,0.0855,"Przedszkole nr 71 ""Pod Topolą""   ",
KRZYŻOWNIKI (22),22,24,5/24,22/24/5/24,0.1425,Izba Administracji Skarbowej   ,
KRZYŻOWNIKI (22),22,24,5/23,22/24/5/23,0.1931,Izba Administracji Skarbowej   ,
JEŻYCE (21),21,09,2/4,21/09/2/4,0.1687,Szkoła Podstawowa Specjalna nr 106   ,2017-12-13T02:00:00+01:00
JEŻYCE (21),21,15,114/5,21/15/114/5,0.0056,Zarząd Dróg Miejskich   ,
JEŻYCE (21),21,18,2/35,21/18/2/35,0.009,Wielkopolskie Samorządowe Centrum Kształcenia Zawodowego i Ustawicznego nr 1   ,
KRZYŻOWNIKI (22),22,22,23/14,22/22/23/14,0.0955,Izba Administracji Skarbowej   ,
KRZYŻOWNIKI (22),22,22,23/12,22/22/23/12,0.0152,Izba Administracji Skarbowej   ,
JEŻYCE (21),21,11,58,21/11/58,0.1071,Szkoła Podstawowa nr 23 im.Gen.Józefa Bema w Poznaniu   ,
JEŻYCE (21),21,11,59/8,21/11/59/8,0.0248,Szkoła Podstawowa nr 23 im.Gen.Józefa Bema w Poznaniu   ,
JEŻYCE (21),21,11,60,21/11/60,0.1039,Szkoła Podstawowa nr 23 im.Gen.Józefa Bema w Poznaniu   ,
JEŻYCE (21),21,11,52/1,21/11/52/1,0.0312,Szkoła Podstawowa nr 23 im.Gen.Józefa Bema w Poznaniu   ,
JEŻYCE (21),21,11,57/3,21/11/57/3,0.0475,Szkoła Podstawowa nr 23 im.Gen.Józefa Bema w Poznaniu   ,
JEŻYCE (21),21,09,4,21/09/4,1.3797,VII Liceum Ogólnokształcące im.Dąbrówki   ,2017-11-23T02:00:00+01:00
JEŻYCE (21),21,11,61/9,21/11/61/9,0.2411,Szkoła Podstawowa nr 23 im.Gen.Józefa Bema w Poznaniu   ,
JEŻYCE (21),21,11,59/3,21/11/59/3,0.108,Szkoła Podstawowa nr 23 im.Gen.Józefa Bema w Poznaniu   ,
JEŻYCE (21),21,11,55/3,21/11/55/3,0.1409,Szkoła Podstawowa nr 23 im.Gen.Józefa Bema w Poznaniu   ,
JEŻYCE (21),21,12,80,21/12/80,0.0869,Komenda Wojewódzka Policji w Poznaniu   ,
JEŻYCE (21),21,18,1/5,21/18/1/5,0.0135,Zarząd Transportu Miejskiego w Poznaniu   ,2016-05-05T04:00:00+02:00
JEŻYCE (21),21,11,63/10,21/11/63/10,0.0943,Szkoła Podstawowa nr 23 im.Gen.Józefa Bema w Poznaniu   ,
JEŻYCE (21),21,13,66/2,21/13/66/2,0.1281,Generalna Dyrekcja Dróg Krajowych i Autostrad   ,
JEŻYCE (21),21,18,2/33,21/18/2/33,0.4386,Poznański Zespół Żłobków   ,
JEŻYCE (21),21,16,50/2,21/16/50/2,0.0357,Prezydent Miasta Poznania   ,
JEŻYCE (21),21,09,44/2,21/09/44/2,0.0118,Sąd Okręgowy w Poznaniu   ,
JEŻYCE (21),21,01,196,21/01/196,0.107,Zespół Szkolno-Przedszkolny nr 13   ,
JEŻYCE (21),21,16,73/2,21/16/73/2,0.0458,Szkoła Podstawowa nr 71 im.Janusza Kusocińskiego   ,
JEŻYCE (21),21,16,73/2,21/16/73/2,0.0458,Zespół Szkół Komunikacji im. Hipolita Cegielskiego w Poznaniu   ,2018-03-30T04:00:00+02:00
JEŻYCE (21),21,21,58/4,21/21/58/4,0.0898,IV Liceum Ogólnokształcące im. Komisji Edukacji Narodowej   ,
JEŻYCE (21),21,01,110,21/01/110,0.0979,Zespół Szkolno-Przedszkolny nr 13   ,
JEŻYCE (21),21,11,62/8,21/11/62/8,0.0693,Szkoła Podstawowa nr 23 im.Gen.Józefa Bema w Poznaniu   ,
JEŻYCE (21),21,09,6/1,21/09/6/1,0.0422,Zarząd Transportu Miejskiego w Poznaniu   ,
JEŻYCE (21),21,14,130/22,21/14/130/22,0.446,Sąd Rejonowy Poznań - Grunwald i Jeżyce w Poznaniu   ,
JEŻYCE (21),21,06,39/5,21/06/39/5,0.0983,Technikum Energetyczne im.Henryka Zygalskiego   ,2023-08-25T04:00:00+02:00
JEŻYCE (21),21,21,4/6,21/21/4/6,0.2128,Zarząd Zieleni Miejskiej   ,
JEŻYCE (21),21,15,114/7,21/15/114/7,0.0058,Zarząd Dróg Miejskich   ,
JEŻYCE (21),21,09,12/9,21/09/12/9,0.3266,"Przedszkole nr 96 ""Jarzębinka""   ",
JEŻYCE (21),21,12,19,21/12/19,0.035,Komenda Wojewódzka Policji w Poznaniu   ,
JEŻYCE (21),21,15,114/15,21/15/114/15,0.0056,Zarząd Dróg Miejskich   ,
JEŻYCE (21),21,11,63/5,21/11/63/5,0.0372,Szkoła Podstawowa nr 23 im.Gen.Józefa Bema w Poznaniu   ,
JEŻYCE (21),21,15,114/40,21/15/114/40,0.0054,Zarząd Dróg Miejskich   ,
JEŻYCE (21),21,15,114/44,21/15/114/44,0.005,Zarząd Dróg Miejskich   ,
JEŻYCE (21),21,12,18/1,21/12/18/1,0.15,Komenda Wojewódzka Policji w Poznaniu   ,
JEŻYCE (21),21,12,25/2,21/12/25/2,0.0131,Komenda Wojewódzka Policji w Poznaniu   ,
JEŻYCE (21),21,17,75/2,21/17/75/2,0.0686,Zespół Ogrodów Jordanowskich   ,2023-09-20T04:00:00+02:00
JEŻYCE (21),21,14,82/3,21/14/82/3,0.0058,Usługi Komunalne   ,
JEŻYCE (21),21,01,199,21/01/199,0.1054,Zespół Szkolno-Przedszkolny nr 13   ,
JEŻYCE (21),21,16,68/2,21/16/68/2,0.017,Szkoła Podstawowa nr 71 im.Janusza Kusocińskiego   ,
JEŻYCE (21),21,16,68/2,21/16/68/2,0.017,Zespół Szkół Komunikacji im. Hipolita Cegielskiego w Poznaniu   ,2018-03-30T04:00:00+02:00
JEŻYCE (21),21,21,59/2,21/21/59/2,0.0687,IV Liceum Ogólnokształcące im. Komisji Edukacji Narodowej   ,
JEŻYCE (21),21,16,8/2,21/16/8/2,0.1255,Szkoła Podstawowa nr 71 im.Janusza Kusocińskiego   ,
JEŻYCE (21),21,16,8/2,21/16/8/2,0.1255,Zespół Szkół Komunikacji im. Hipolita Cegielskiego w Poznaniu   ,2018-03-30T04:00:00+02:00
JEŻYCE (21),21,18,24/2,21/18/24/2,0.0412,Zarząd Zieleni Miejskiej   ,
JEŻYCE (21),21,14,90,21/14/90,0.062,Szkoła Podstawowa nr 36 im.mjr Henryka Sucharskiego   ,
JEŻYCE (21),21,15,114/24,21/15/114/24,0.0107,Zarząd Dróg Miejskich   ,
JEŻYCE (21),21,01,200,21/01/200,0.1496,Zespół Szkolno-Przedszkolny nr 13   ,
JEŻYCE (21),21,17,76/4,21/17/76/4,0.7103,Wielkopolski Urząd Wojewódzki   ,
JEŻYCE (21),21,15,8/1,21/15/8/1,0.4963,"Przedszkole nr 71 ""Pod Topolą""   ",
JEŻYCE (21),21,21,233/2,21/21/233/2,0.5483,Szkoła Podstawowa nr 70 im. Mikołaja Kopernika   ,
JEŻYCE (21),21,11,51/1,21/11/51/1,0.0205,Szkoła Podstawowa nr 23 im.Gen.Józefa Bema w Poznaniu   ,
JEŻYCE (21),21,11,53,21/11/53,0.0102,Szkoła Podstawowa nr 23 im.Gen.Józefa Bema w Poznaniu   ,
JEŻYCE (21),21,14,68/2,21/14/68/2,0.7911,Szkoła Podstawowa nr 36 im.mjr Henryka Sucharskiego   ,
JEŻYCE (21),21,14,68/2,21/14/68/2,0.7911,Centrum Usług Wspólnych Jednostek Oświaty   ,
JEŻYCE (21),21,14,68/2,21/14/68/2,0.7911,Szkoła Podstawowa nr 36 im.mjr Henryka Sucharskiego   ,
JEŻYCE (21),21,17,76/7,21/17/76/7,0.9821,Zespół Ogrodów Jordanowskich   ,2023-09-20T04:00:00+02:00
JEŻYCE (21),21,12,23/1,21/12/23/1,0.0236,Komenda Wojewódzka Policji w Poznaniu   ,
JEŻYCE (21),21,15,114/25,21/15/114/25,0.0064,Zarząd Dróg Miejskich   ,
JEŻYCE (21),21,16,1/2,21/16/1/2,0.0705,Zespół Ogrodów Jordanowskich   ,2023-09-20T04:00:00+02:00
JEŻYCE (21),21,09,53/4,21/09/53/4,0.3669,Szkoła Podstawowa Specjalna nr 107 im.Arkadego Fiedlera   ,2018-01-17T02:00:00+01:00
JEŻYCE (21),21,11,56/3,21/11/56/3,0.0869,Szkoła Podstawowa nr 23 im.Gen.Józefa Bema w Poznaniu   ,
JEŻYCE (21),21,09,36/4,21/09/36/4,0.1623,Sąd Okręgowy w Poznaniu   ,
JEŻYCE (21),21,09,43/4,21/09/43/4,0.181,Sąd Okręgowy w Poznaniu   ,
JEŻYCE (21),21,18,5/10,21/18/5/10,0.1648,Wielkopolskie Samorządowe Centrum Kształcenia Zawodowego i Ustawicznego nr 1   ,
JEŻYCE (21),21,22,6/4,21/22/6/4,1.1187,Zarząd Zieleni Miejskiej   ,2019-12-18T02:00:00+01:00
JEŻYCE (21),21,16,71,21/16/71,0.5398,Szkoła Podstawowa nr 71 im.Janusza Kusocińskiego   ,
JEŻYCE (21),21,16,71,21/16/71,0.5398,Zespół Szkół Komunikacji im. Hipolita Cegielskiego w Poznaniu   ,2018-03-30T04:00:00+02:00
JEŻYCE (21),21,17,3/32,21/17/3/32,1.378,Ośrodek Szkolno-Wychowawczy Dla Dzieci i Młodzieży Niepełnosprawnej im. Zbigniewa Tylewicza   ,
JEŻYCE (21),21,14,57/2,21/14/57/2,0.0326,Szkoła Podstawowa nr 36 im.mjr Henryka Sucharskiego   ,
JEŻYCE (21),21,09,52/7,21/09/52/7,0.123,Zespół Szkół Zawodowych nr 1   ,
JEŻYCE (21),21,11,54,21/11/54,0.0227,Szkoła Podstawowa nr 23 im.Gen.Józefa Bema w Poznaniu   ,
JEŻYCE (21),21,01,202,21/01/202,0.2684,Zespół Szkolno-Przedszkolny nr 13   ,
JEŻYCE (21),21,09,2/6,21/09/2/6,1.0913,Szkoła Podstawowa Specjalna nr 106   ,2017-12-13T02:00:00+01:00
JEŻYCE (21),21,18,9/19,21/18/9/19,0.3966,"Przedszkole nr 30 ""Mały Olimpijczyk""   ",
JEŻYCE (21),21,12,27,21/12/27,0.0385,Komenda Wojewódzka Policji w Poznaniu   ,
JEŻYCE (21),21,12,17/1,21/12/17/1,0.0279,Komenda Wojewódzka Policji w Poznaniu   ,
JEŻYCE (21),21,14,82/2,21/14/82/2,0.0319,Usługi Komunalne   ,
JEŻYCE (21),21,15,114/32,21/15/114/32,0.0088,Zarząd Dróg Miejskich   ,
JEŻYCE (21),21,18,6/8,21/18/6/8,0.1222,Wielkopolskie Samorządowe Centrum Kształcenia Zawodowego i Ustawicznego nr 1   ,
JEŻYCE (21),21,18,4/10,21/18/4/10,0.0102,Wielkopolskie Samorządowe Centrum Kształcenia Zawodowego i Ustawicznego nr 1   ,
JEŻYCE (21),21,09,50/1,21/09/50/1,0.1721,Zespół Szkół Zawodowych nr 1   ,
JEŻYCE (21),21,12,16/2,21/12/16/2,0.0292,Komenda Wojewódzka Policji w Poznaniu   ,
JEŻYCE (21),21,12,7/2,21/12/7/2,0.1127,Komenda Wojewódzka Policji w Poznaniu   ,
JEŻYCE (21),21,17,3/27,21/17/3/27,0.0006,Ośrodek Szkolno-Wychowawczy Dla Dzieci i Młodzieży Niepełnosprawnej im. Zbigniewa Tylewicza   ,
JEŻYCE (21),21,17,3/25,21/17/3/25,0.2045,Ośrodek Szkolno-Wychowawczy Dla Dzieci i Młodzieży Niepełnosprawnej im. Zbigniewa Tylewicza   ,
JEŻYCE (21),21,12,18/2,21/12/18/2,0.0501,Komenda Wojewódzka Policji w Poznaniu   ,
JEŻYCE (21),21,09,41/1,21/09/41/1,0.0297,Zespół Szkół Zawodowych nr 1   ,
JEŻYCE (21),21,09,51/1,21/09/51/1,0.2525,Zespół Szkół Zawodowych nr 1   ,
JEŻYCE (21),21,21,60,21/21/60,0.8408,IV Liceum Ogólnokształcące im. Komisji Edukacji Narodowej   ,
JEŻYCE (21),21,13,29/1,21/13/29/1,0.1099,"Przedszkole nr 86 "" Tęczowy Świat ""   ",
JEŻYCE (21),21,09,5/1,21/09/5/1,0.0263,Zarząd Transportu Miejskiego w Poznaniu   ,
JEŻYCE (21),21,06,43/2,21/06/43/2,0.2527,Technikum Energetyczne im.Henryka Zygalskiego   ,2023-08-25T04:00:00+02:00
JEŻYCE (21),21,13,86/6,21/13/86/6,4.2664,OGRÓD ZOOLOGICZNY w Poznaniu   ,
JEŻYCE (21),21,14,85/2,21/14/85/2,0.011,Usługi Komunalne   ,
JEŻYCE (21),21,17,3/30,21/17/3/30,0.1022,Ośrodek Szkolno-Wychowawczy Dla Dzieci i Młodzieży Niepełnosprawnej im. Zbigniewa Tylewicza   ,
JEŻYCE (21),21,06,39/6,21/06/39/6,0.4656,Technikum Energetyczne im.Henryka Zygalskiego   ,2023-08-25T04:00:00+02:00
JEŻYCE (21),21,15,114/34,21/15/114/34,0.3992,Zarząd Dróg Miejskich   ,
JUNIKOWO (36),36,07,47/1,36/07/47/1,0.0211,Zarząd Dróg Miejskich   ,
KOTOWO (37),37,05,35/22,37/05/35/22,0.0804,Zarząd Dróg Miejskich   ,
JUNIKOWO (36),36,35,1/2,36/35/1/2,0.4648,"Przedszkole nr 28 ""Małych Astronomów""   ",
JUNIKOWO (36),36,46,6/11,36/46/6/11,0.9603,Areszt Śledczy   ,
JUNIKOWO (36),36,32,41/1,36/32/41/1,1.4135,Poznańskie Ośrodki Sportu i Rekreacji   ,
JUNIKOWO (36),36,19,7/3,36/19/7/3,0.1207,Zarząd Dróg Miejskich   ,
KOTOWO (37),37,08,22,37/08/22,0.0903,Generalna Dyrekcja Dróg Krajowych i Autostrad   ,
KOTOWO (37),37,03,3/13,37/03/3/13,0.0038,Generalna Dyrekcja Dróg Krajowych i Autostrad   ,
KOTOWO (37),37,03,3/15,37/03/3/15,0.1144,Generalna Dyrekcja Dróg Krajowych i Autostrad   ,
KOTOWO (37),37,05,4,37/05/4,0.2399,Zarząd Dróg Miejskich   ,
KOTOWO (37),37,05,21,37/05/21,0.0044,Zarząd Dróg Miejskich   ,
KOTOWO (37),37,05,37,37/05/37,0.0739,Zarząd Dróg Miejskich   ,
KOTOWO (37),37,04,8/6,37/04/8/6,0.8938,Zarząd Dróg Miejskich   ,
KOTOWO (37),37,04,8/8,37/04/8/8,0.3649,Zarząd Dróg Miejskich   ,
KOTOWO (37),37,05,25/1,37/05/25/1,1.049,Zarząd Dróg Miejskich   ,
KOTOWO (37),37,05,35/12,37/05/35/12,0.0014,Zarząd Dróg Miejskich   ,
KOTOWO (37),37,04,17,37/04/17,0.6572,Zarząd Dróg Miejskich   ,
KOTOWO (37),37,05,48,37/05/48,1.1132,Zarząd Dróg Miejskich   ,
KOTOWO (37),37,08,2/59,37/08/2/59,0.0244,Generalna Dyrekcja Dróg Krajowych i Autostrad   ,
KOTOWO (37),37,03,4/7,37/03/4/7,0.0715,Generalna Dyrekcja Dróg Krajowych i Autostrad   ,
KOTOWO (37),37,05,20,37/05/20,0.1926,Zarząd Dróg Miejskich   ,
KOTOWO (37),37,06,1/10,37/06/1/10,0.6701,Zarząd Dróg Miejskich   ,
KOTOWO (37),37,06,1/9,37/06/1/9,0.0466,Zarząd Dróg Miejskich   ,
KOTOWO (37),37,03,2/7,37/03/2/7,0.0385,Generalna Dyrekcja Dróg Krajowych i Autostrad   ,
KOTOWO (37),37,03,8/5,37/03/8/5,0.0094,Generalna Dyrekcja Dróg Krajowych i Autostrad   ,
KOTOWO (37),37,08,8/11,37/08/8/11,0.829,Generalna Dyrekcja Dróg Krajowych i Autostrad   ,
KOTOWO (37),37,08,28/2,37/08/28/2,0.0903,Generalna Dyrekcja Dróg Krajowych i Autostrad   ,
KOTOWO (37),37,04,15/4,37/04/15/4,0.0292,Generalna Dyrekcja Dróg Krajowych i Autostrad   ,
KOTOWO (37),37,03,7/1,37/03/7/1,0.131,Generalna Dyrekcja Dróg Krajowych i Autostrad   ,
KOTOWO (37),37,03,9/3,37/03/9/3,0.0015,Generalna Dyrekcja Dróg Krajowych i Autostrad   ,
KOTOWO (37),37,04,6/16,37/04/6/16,0.0233,Generalna Dyrekcja Dróg Krajowych i Autostrad   ,
KOTOWO (37),37,05,35/10,37/05/35/10,0.0772,Zarząd Dróg Miejskich   ,
KOTOWO (37),37,05,35/7,37/05/35/7,0.019,Zarząd Dróg Miejskich   ,
JUNIKOWO (36),36,31,2/5,36/31/2/5,0.1276,Poznańskie Ośrodki Sportu i Rekreacji   ,
JUNIKOWO (36),36,19,2/3,36/19/2/3,0.0013,Zarząd Dróg Miejskich   ,
JUNIKOWO (36),36,10,25/17,36/10/25/17,0.2688,Zarząd Dróg Miejskich   ,
JUNIKOWO (36),36,35,1/3,36/35/1/3,1.4028,Szkoła Podstawowa nr 7 im. Erazma z Rotterdamu   ,
JUNIKOWO (36),36,24,42,36/24/42,0.9739,Szkoła Podstawowa nr 54 im.Jana Kasprowicza   ,
JUNIKOWO (36),36,32,41/3,36/32/41/3,0.0729,Zarząd Transportu Miejskiego w Poznaniu   ,
KOTOWO (37),37,05,43/2,37/05/43/2,0.2263,Zarząd Dróg Miejskich   ,
KOTOWO (37),37,03,11/13,37/03/11/13,0.1081,Generalna Dyrekcja Dróg Krajowych i Autostrad   ,
KOTOWO (37),37,08,20,37/08/20,0.0904,Generalna Dyrekcja Dróg Krajowych i Autostrad   ,
KOTOWO (37),37,08,3/5,37/08/3/5,0.1186,Generalna Dyrekcja Dróg Krajowych i Autostrad   ,
KOTOWO (37),37,08,3/4,37/08/3/4,0.0583,Generalna Dyrekcja Dróg Krajowych i Autostrad   ,
KOTOWO (37),37,08,2/62,37/08/2/62,0.0072,Generalna Dyrekcja Dróg Krajowych i Autostrad   ,
KOTOWO (37),37,02,3/2,37/02/3/2,1.5129,Generalna Dyrekcja Dróg Krajowych i Autostrad   ,
KOTOWO (37),37,03,4/8,37/03/4/8,0.0353,Generalna Dyrekcja Dróg Krajowych i Autostrad   ,
KOTOWO (37),37,03,8/3,37/03/8/3,0.0185,Generalna Dyrekcja Dróg Krajowych i Autostrad   ,
KOTOWO (37),37,05,38,37/05/38,1.082,Zarząd Dróg Miejskich   ,
KOTOWO (37),37,03,11/11,37/03/11/11,0.0792,Generalna Dyrekcja Dróg Krajowych i Autostrad   ,
KOTOWO (37),37,08,25,37/08/25,0.0901,Generalna Dyrekcja Dróg Krajowych i Autostrad   ,
KOTOWO (37),37,03,3/10,37/03/3/10,0.083,Generalna Dyrekcja Dróg Krajowych i Autostrad   ,
KOTOWO (37),37,05,5,37/05/5,0.0028,Zarząd Dróg Miejskich   ,
KOTOWO (37),37,04,9/2,37/04/9/2,0.0018,Generalna Dyrekcja Dróg Krajowych i Autostrad   ,
KOTOWO (37),37,04,4,37/04/4,0.2081,Generalna Dyrekcja Dróg Krajowych i Autostrad   ,
KOTOWO (37),37,08,52/2,37/08/52/2,0.0547,Generalna Dyrekcja Dróg Krajowych i Autostrad   ,
KOTOWO (37),37,05,2,37/05/2,0.0403,Zarząd Dróg Miejskich   ,
KOTOWO (37),37,03,5,37/03/5,0.1296,Generalna Dyrekcja Dróg Krajowych i Autostrad   ,2021-05-24T04:00:00+02:00
KOTOWO (37),37,08,23,37/08/23,0.0902,Generalna Dyrekcja Dróg Krajowych i Autostrad   ,
KOTOWO (37),37,08,26,37/08/26,0.0895,Generalna Dyrekcja Dróg Krajowych i Autostrad   ,
KOTOWO (37),37,03,4/5,37/03/4/5,1.3518,Generalna Dyrekcja Dróg Krajowych i Autostrad   ,
KOTOWO (37),37,08,18,37/08/18,0.0905,Generalna Dyrekcja Dróg Krajowych i Autostrad   ,
KOTOWO (37),37,08,2/32,37/08/2/32,0.0792,Generalna Dyrekcja Dróg Krajowych i Autostrad   ,
KOTOWO (37),37,08,53/1,37/08/53/1,0.9656,Generalna Dyrekcja Dróg Krajowych i Autostrad   ,
KOTOWO (37),37,04,16/8,37/04/16/8,0.0141,Generalna Dyrekcja Dróg Krajowych i Autostrad   ,
KOTOWO (37),37,08,2/64,37/08/2/64,0.065,Generalna Dyrekcja Dróg Krajowych i Autostrad   ,
KOTOWO (37),37,08,3/31,37/08/3/31,0.0426,Generalna Dyrekcja Dróg Krajowych i Autostrad   ,
KOTOWO (37),37,05,39/1,37/05/39/1,0.0017,Zarząd Dróg Miejskich   ,
KOTOWO (37),37,05,35/8,37/05/35/8,0.2208,Zarząd Dróg Miejskich   ,
KOTOWO (37),37,05,35/14,37/05/35/14,0.059,Zarząd Dróg Miejskich   ,
KOTOWO (37),37,06,5,37/06/5,0.0059,Zarząd Dróg Miejskich   ,
JUNIKOWO (36),36,10,26/37,36/10/26/37,0.2072,Zarząd Dróg Miejskich   ,
JUNIKOWO (36),36,24,43/109,36/24/43/109,0.0128,Zarząd Zieleni Miejskiej   ,2018-06-22T04:00:00+02:00
JUNIKOWO (36),36,10,25/19,36/10/25/19,0.1402,Zarząd Dróg Miejskich   ,
JUNIKOWO (36),36,10,26/45,36/10/26/45,0.0587,Zarząd Dróg Miejskich   ,
JUNIKOWO (36),36,10,25/21,36/10/25/21,0.0369,Zarząd Dróg Miejskich   ,
ŁAWICA (38),38,06,72/6,38/06/72/6,0.0282,Zarząd Dróg Miejskich   ,
ŁAWICA (38),38,06,72/3,38/06/72/3,0.5497,Zarząd Dróg Miejskich   ,
KOTOWO (37),37,08,1/1,37/08/1/1,0.0622,Generalna Dyrekcja Dróg Krajowych i Autostrad   ,
KOTOWO (37),37,04,6/31,37/04/6/31,0.1073,Zarząd Dróg Miejskich   ,
KOTOWO (37),37,05,23/5,37/05/23/5,0.0031,Zarząd Dróg Miejskich   ,
KOTOWO (37),37,08,58/1,37/08/58/1,0.4659,Generalna Dyrekcja Dróg Krajowych i Autostrad   ,
KOTOWO (37),37,05,36,37/05/36,0.0949,Zarząd Dróg Miejskich   ,
JUNIKOWO (36),36,31,2/1,36/31/2/1,0.0148,Poznańskie Ośrodki Sportu i Rekreacji   ,
JUNIKOWO (36),36,38,4/1,36/38/4/1,0.1459,Okręgowa Stacja Chemiczno-Rolnicza w Poznaniu   ,
JUNIKOWO (36),36,34,16/65,36/34/16/65,0.1335,Centrum Kształcenia Zawodowego i Ustawicznego   ,
KOTOWO (37),37,03,7/2,37/03/7/2,2.0519,Generalna Dyrekcja Dróg Krajowych i Autostrad   ,
KOTOWO (37),37,08,10/7,37/08/10/7,1.139,Generalna Dyrekcja Dróg Krajowych i Autostrad   ,
KOTOWO (37),37,08,19,37/08/19,0.0905,Generalna Dyrekcja Dróg Krajowych i Autostrad   ,
KOTOWO (37),37,08,21,37/08/21,0.0904,Generalna Dyrekcja Dróg Krajowych i Autostrad   ,
KOTOWO (37),37,03,8/7,37/03/8/7,0.288,Generalna Dyrekcja Dróg Krajowych i Autostrad   ,
KOTOWO (37),37,03,3/7,37/03/3/7,4.3982,Generalna Dyrekcja Dróg Krajowych i Autostrad   ,
KOTOWO (37),37,08,59/9,37/08/59/9,1.05,Generalna Dyrekcja Dróg Krajowych i Autostrad   ,
KOTOWO (37),37,04,1,37/04/1,0.0033,Generalna Dyrekcja Dróg Krajowych i Autostrad   ,
KOTOWO (37),37,06,9/2,37/06/9/2,0.081,Zarząd Dróg Miejskich   ,
KOTOWO (37),37,06,9/1,37/06/9/1,0.0428,Zarząd Dróg Miejskich   ,
KOTOWO (37),37,06,10/9,37/06/10/9,0.0438,Zarząd Dróg Miejskich   ,
KOTOWO (37),37,06,10/10,37/06/10/10,0.2641,Zarząd Dróg Miejskich   ,
KOTOWO (37),37,06,10/11,37/06/10/11,0.5408,Zarząd Dróg Miejskich   ,
KOTOWO (37),37,05,35/18,37/05/35/18,0.0295,Zarząd Dróg Miejskich   ,
KOTOWO (37),37,05,35/19,37/05/35/19,0.0467,Zarząd Dróg Miejskich   ,
KOTOWO (37),37,05,35/23,37/05/35/23,0.1745,Zarząd Dróg Miejskich   ,
KOTOWO (37),37,05,35/21,37/05/35/21,0.116,Zarząd Dróg Miejskich   ,
KOTOWO (37),37,05,7/2,37/05/7/2,0.0015,Zarząd Dróg Miejskich   ,
KOTOWO (37),37,05,7/1,37/05/7/1,0.0081,Zarząd Dróg Miejskich   ,
KOTOWO (37),37,05,9/1,37/05/9/1,0.0159,Zarząd Dróg Miejskich   ,
KOTOWO (37),37,05,9/2,37/05/9/2,0.0991,Zarząd Dróg Miejskich   ,
KOTOWO (37),37,04,3/3,37/04/3/3,0.0088,Zarząd Dróg Miejskich   ,
KOTOWO (37),37,04,3/6,37/04/3/6,0.0017,Zarząd Dróg Miejskich   ,
KOTOWO (37),37,04,3/5,37/04/3/5,0.0377,Zarząd Dróg Miejskich   ,
JUNIKOWO (36),36,09,11/3,36/09/11/3,0.0054,Zarząd Dróg Miejskich   ,
JUNIKOWO (36),36,10,26/48,36/10/26/48,0.0399,Zarząd Dróg Miejskich   ,
JUNIKOWO (36),36,10,26/43,36/10/26/43,0.1076,Zarząd Dróg Miejskich   ,
JUNIKOWO (36),36,10,26/47,36/10/26/47,0.0254,Zarząd Dróg Miejskich   ,
ŁAWICA (38),38,19,37/8,38/19/37/8,0.2896,"Centrum Wsparcia Rodzin ""Swoboda""   ",2021-11-13T02:00:00+01:00
ŁAWICA (38),38,06,72/5,38/06/72/5,0.0109,Zarząd Dróg Miejskich   ,
ŁAWICA (38),38,06,72/4,38/06/72/4,0.0133,Zarząd Dróg Miejskich   ,
JUNIKOWO (36),36,29,7,36/29/7,0.3561,Zarząd Dróg Miejskich   ,
JUNIKOWO (36),36,38,47,36/38/47,0.353,"PRZEDSZKOLE NR 38 IM. ""ORLE GNIAZDO""   ",
JUNIKOWO (36),36,09,11/1,36/09/11/1,0.1209,Zarząd Dróg Miejskich   ,
JUNIKOWO (36),36,10,23/27,36/10/23/27,0.0881,Zarząd Dróg Miejskich   ,
KOTOWO (37),37,04,11/5,37/04/11/5,0.0881,Zarząd Dróg Miejskich   ,
KOTOWO (37),37,04,6/33,37/04/6/33,0.1543,Zarząd Dróg Miejskich   ,
KOTOWO (37),37,06,1/1,37/06/1/1,0.1264,Zarząd Dróg Miejskich   ,
KOTOWO (37),37,05,22,37/05/22,0.0126,Zarząd Dróg Miejskich   ,
KOTOWO (37),37,05,35/4,37/05/35/4,0.1015,Zarząd Dróg Miejskich   ,
JUNIKOWO (36),36,05,1/1,36/05/1/1,0.2259,Zarząd Dróg Miejskich   ,
ŁAWICA (38),38,06,72/1,38/06/72/1,0.1214,Zarząd Dróg Miejskich   ,
ŁAWICA (38),38,07,48/40,38/07/48/40,0.0626,Zarząd Zieleni Miejskiej   ,2017-12-12T02:00:00+01:00
ŁAZARZ (39),39,08,6/21,39/08/6/21,0.1388,Zarząd Zieleni Miejskiej   ,2018-11-07T02:00:00+01:00
ŁAZARZ (39),39,16,56/40,39/16/56/40,0.2657,"Przedszkole nr 91 ""Bajka""   ",
ŁAZARZ (39),39,24,31/11,39/24/31/11,0.0149,Zarząd Zieleni Miejskiej   ,2016-10-11T04:00:00+02:00
ŁAZARZ (39),39,24,31/15,39/24/31/15,0.9221,Zarząd Zieleni Miejskiej   ,2016-10-11T04:00:00+02:00
ŁAZARZ (39),39,17,5/20,39/17/5/20,0.1455,Zarząd Zieleni Miejskiej   ,2007-08-02T04:00:00+02:00
ŁAZARZ (39),39,22,13/53,39/22/13/53,0.0434,Zarząd Zieleni Miejskiej   ,2018-02-20T02:00:00+01:00
ŁAZARZ (39),39,22,4/12,39/22/4/12,0.0167,Zarząd Zieleni Miejskiej   ,2018-02-20T02:00:00+01:00
ŁAZARZ (39),39,22,4/14,39/22/4/14,0.0043,Zarząd Zieleni Miejskiej   ,2018-02-20T02:00:00+01:00
GÓRCZYN (35),35,05,155/30,35/05/155/30,0.0018,Zarząd Dróg Miejskich   ,
GÓRCZYN (35),35,06,37/1,35/06/37/1,0.0239,Zarząd Dróg Miejskich   ,
GÓRCZYN (35),35,06,69/20,35/06/69/20,0.0352,Zarząd Dróg Miejskich   ,
ŁAWICA (38),38,02,1/94,38/02/1/94,0.1896,Przedszkole nr 36 im.Marii Kownackiej   ,
ŁAZARZ (39),39,15,58/1,39/15/58/1,0.0377,Komenda Wojewódzka Policji w Poznaniu   ,
ŁAZARZ (39),39,29,20/88,39/29/20/88,0.0402,Poznańskie Ośrodki Sportu i Rekreacji   ,
ŁAZARZ (39),39,15,55/1,39/15/55/1,0.057,Komenda Wojewódzka Policji w Poznaniu   ,
ŁAZARZ (39),39,16,4/14,39/16/4/14,0.2638,Zarząd Zieleni Miejskiej   ,
ŁAZARZ (39),39,02,33/3,39/02/33/3,0.014,Zarząd Zieleni Miejskiej   ,
ŁAZARZ (39),39,02,4/152,39/02/4/152,0.1466,Zarząd Zieleni Miejskiej   ,
ŁAZARZ (39),39,24,31/12,39/24/31/12,0.002,Zarząd Zieleni Miejskiej   ,2016-10-11T04:00:00+02:00
ŁAZARZ (39),39,17,4/27,39/17/4/27,0.6221,Zarząd Zieleni Miejskiej   ,2016-09-08T04:00:00+02:00
ŁAZARZ (39),39,17,4/28,39/17/4/28,1.0487,Zespół Szkół Gastronomicznych im.Karola Libelta   ,
ŁAZARZ (39),39,17,8/99,39/17/8/99,0.0018,Zespół Szkół Gastronomicznych im.Karola Libelta   ,
ŁAZARZ (39),39,17,8/98,39/17/8/98,0.0347,Zarząd Zieleni Miejskiej   ,
ŁAZARZ (39),39,17,8/97,39/17/8/97,0.0933,Zarząd Zieleni Miejskiej   ,2016-09-08T04:00:00+02:00
ŁAZARZ (39),39,11,54/7,39/11/54/7,6.232,PALMIARNIA POZNAŃSKA   ,
ŁAWICA (38),38,03,126/4,38/03/126/4,0.4084,Szkoła Podstawowa nr 58 w Poznaniu im. Jerzego Kukuczki   ,
ŁAWICA (38),38,02,1/97,38/02/1/97,0.2134,Przedszkole nr 36 im.Marii Kownackiej   ,
ŁAZARZ (39),39,29,20/97,39/29/20/97,1.1498,Poznańskie Ośrodki Sportu i Rekreacji   ,
ŁAZARZ (39),39,09,14/1,39/09/14/1,0.1606,Straż Miejska Miasta Poznania   ,
ŁAZARZ (39),39,29,20/89,39/29/20/89,0.6963,Poznańskie Ośrodki Sportu i Rekreacji   ,
ŁAZARZ (39),39,29,20/85,39/29/20/85,0.7868,Poznańskie Ośrodki Sportu i Rekreacji   ,
ŁAZARZ (39),39,08,31/1,39/08/31/1,0.0199,Komenda Miejska Państwowej Straży Pożarnej w Poznaniu   ,
ŁAZARZ (39),39,08,22/1,39/08/22/1,0.0015,II Liceum Ogólnokształcące im. Generałowej Zamoyskiej i Heleny Modrzejewskiej   ,
ŁAZARZ (39),39,23,71,39/23/71,0.0716,Specjalny Ośrodek Szkolno-Wychowawczy Dla Dzieci i Młodzieży Niepełnosprawnej im. Zbigniewa Tylewicza   ,
ŁAZARZ (39),39,11,53/5,39/11/53/5,0.003,PALMIARNIA POZNAŃSKA   ,
ŁAZARZ (39),39,21,3/14,39/21/3/14,0.1496,XI Liceum Ogólnokształcące im. Jadwigi i Wacława Zembrzuskich   ,
ŁAZARZ (39),39,21,3/10,39/21/3/10,0.0386,XI Liceum Ogólnokształcące im. Jadwigi i Wacława Zembrzuskich   ,
ŁAZARZ (39),39,21,3/12,39/21/3/12,0.011,XI Liceum Ogólnokształcące im. Jadwigi i Wacława Zembrzuskich   ,
ŁAZARZ (39),39,22,13/68,39/22/13/68,3.3935,Zarząd Zieleni Miejskiej   ,
ŁAZARZ (39),39,16,55/48,39/16/55/48,0.5436,Zarząd Zieleni Miejskiej   ,
ŁAZARZ (39),39,34,138,39/34/138,0.0387,XXXVII Liceum Ogólnokształcące z Oddziałami Terapeutycznymi   ,2017-12-01T02:00:00+01:00
ŁAZARZ (39),39,30,151,39/30/151,0.3707,"Przedszkole nr 39 ""Leśne Ludki""   ",
ŁAWICA (38),38,02,1/92,38/02/1/92,0.3554,Przedszkole nr 36 im.Marii Kownackiej   ,
ŁAZARZ (39),39,25,5/1,39/25/5/1,2.9851,Komenda Wojewódzka Policji w Poznaniu   ,
ŁAZARZ (39),39,10,1/61,39/10/1/61,0.0016,Straż Miejska Miasta Poznania   ,
ŁAZARZ (39),39,16,55/49,39/16/55/49,0.047,Zespół Szkół Specjalnych nr 103 im. Marii Grzegorzewskiej   ,
ŁAZARZ (39),39,17,8/102,39/17/8/102,0.0793,Zespół Szkół Specjalnych nr 103 im. Marii Grzegorzewskiej   ,
ŁAZARZ (39),39,29,20/98,39/29/20/98,0.9285,Poznańskie Ośrodki Sportu i Rekreacji   ,
ŁAZARZ (39),39,34,131/4,39/34/131/4,0.4481,Szkoła Podstawowa nr 77 im. 15 Pułku Ułanów Poznańskich   ,
ŁAZARZ (39),39,10,1/66,39/10/1/66,0.0035,Zespół Szkół Muzycznych w Poznaniu   ,
ŁAZARZ (39),39,10,1/63,39/10/1/63,0.0017,Zespół Szkół Muzycznych w Poznaniu   ,
ŁAZARZ (39),39,09,14/3,39/09/14/3,0.2869,Zespół Szkół Muzycznych w Poznaniu   ,
ŁAZARZ (39),39,34,147,39/34/147,0.0001,XXXVII Liceum Ogólnokształcące z Oddziałami Terapeutycznymi   ,2017-12-01T02:00:00+01:00
ŁAZARZ (39),39,02,52/111,39/02/52/111,0.4624,"Centrum Wspierania Rodzin ""Swoboda""   ",
ŁAZARZ (39),39,21,3/2,39/21/3/2,0.7571,XI Liceum Ogólnokształcące im. Jadwigi i Wacława Zembrzuskich   ,
ŁAZARZ (39),39,33,240/13,39/33/240/13,0.3046,Przedszkole nr 48   ,
ŁAZARZ (39),39,34,141,39/34/141,0.0603,XXXVII Liceum Ogólnokształcące z Oddziałami Terapeutycznymi   ,2017-12-01T02:00:00+01:00
ŁAZARZ (39),39,15,85/1,39/15/85/1,0.0386,Komenda Wojewódzka Policji w Poznaniu   ,
ŁAZARZ (39),39,16,3/26,39/16/3/26,0.0418,Zarząd Zieleni Miejskiej   ,
ŁAZARZ (39),39,22,4/27,39/22/4/27,0.1486,Zarząd Zieleni Miejskiej   ,2018-02-20T02:00:00+01:00
ŁAZARZ (39),39,08,3/10,39/08/3/10,1.0221,Komenda Wojewódzka Policji w Poznaniu   ,
ŁAZARZ (39),39,02,52/147,39/02/52/147,0.9527,Zarząd Zieleni Miejskiej   ,
ŁAZARZ (39),39,16,3/29,39/16/3/29,0.1891,Zarząd Zieleni Miejskiej   ,
ŁAZARZ (39),39,19,62/4,39/19/62/4,1.2368,Poznańskie Ośrodki Sportu i Rekreacji   ,
ŁAZARZ (39),39,19,61/2,39/19/61/2,2.506,Poznańskie Ośrodki Sportu i Rekreacji   ,
ŁAZARZ (39),39,19,60/3,39/19/60/3,1.386,Poznańskie Ośrodki Sportu i Rekreacji   ,2023-10-18T04:00:00+02:00
ŁAZARZ (39),39,19,60/2,39/19/60/2,0.059,Poznańskie Ośrodki Sportu i Rekreacji   ,
ŁAZARZ (39),39,14,5/3,39/14/5/3,0.0247,Zarząd Transportu Miejskiego w Poznaniu   ,
ŁAZARZ (39),39,24,31/16,39/24/31/16,0.0341,Poznańskie Ośrodki Sportu i Rekreacji   ,
ŁAZARZ (39),39,24,32/6,39/24/32/6,0.312,Komenda Wojewódzka Policji w Poznaniu   ,2017-08-21T04:00:00+02:00
ŁAZARZ (39),39,24,31/17,39/24/31/17,0.0603,Komenda Wojewódzka Policji w Poznaniu   ,
ŁAZARZ (39),39,24,32/7,39/24/32/7,0.5395,Poznańskie Ośrodki Sportu i Rekreacji   ,
ŁAZARZ (39),39,12,33/2,39/12/33/2,0.0318,Zarząd Transportu Miejskiego w Poznaniu   ,
ŁAZARZ (39),39,25,1/8,39/25/1/8,0.2495,Zarząd Dróg Miejskich   ,
ŁAWICA (38),38,03,19,38/03/19,0.2995,Szkoła Podstawowa nr 58 w Poznaniu im. Jerzego Kukuczki   ,
ŁAZARZ (39),39,22,4/25,39/22/4/25,0.0059,Zarząd Zieleni Miejskiej   ,2018-02-20T02:00:00+01:00
ŁAZARZ (39),39,34,144,39/34/144,0.0014,XXXVII Liceum Ogólnokształcące z Oddziałami Terapeutycznymi   ,2017-12-01T02:00:00+01:00
ŁAZARZ (39),39,10,1/60,39/10/1/60,0.0009,Zespół Szkół Muzycznych w Poznaniu   ,
ŁAZARZ (39),39,10,1/59,39/10/1/59,0.0021,Zespół Szkół Muzycznych w Poznaniu   ,
ŁAZARZ (39),39,25,10/4,39/25/10/4,0.1635,Poradnia Psychologiczno-Pedagogiczna nr 2   ,2023-01-05T02:00:00+01:00
ŁAZARZ (39),39,25,10/4,39/25/10/4,0.1635,Szkoła Podstawowa nr 90 im. hr. Władysława Zamoyskiego   ,2023-01-05T02:00:00+01:00
ŁAZARZ (39),39,02,52/149,39/02/52/149,0.2428,Zarząd Zieleni Miejskiej   ,2019-05-30T04:00:00+02:00
ŁAZARZ (39),39,07,27/22,39/07/27/22,0.0822,Komenda Wojewódzka Policji w Poznaniu   ,
WINIARY (52),52,14,33/120,52/14/33/120,0.6278,Zarząd Zieleni Miejskiej   ,
WINIARY (52),52,03,85/1,52/03/85/1,0.0965,Zarząd Transportu Miejskiego w Poznaniu   ,
WINIARY (52),52,04,69,52/04/69,0.1013,Sąd Apelacyjny w Poznaniu   ,
WINIARY (52),52,22,127,52/22/127,0.1968,Zespół Przedszkoli nr 3   ,
WINIARY (52),52,04,68/3,52/04/68/3,0.0131,Sąd Apelacyjny w Poznaniu   ,
WINIARY (52),52,35,34/1,52/35/34/1,1.0636,Zespół Szkół Zawodowych nr 2 im. Janusza Korczaka   ,
WINIARY (52),52,33,32/2,52/33/32/2,0.0566,Prezydent Miasta Poznania   ,
PIĄTKOWO (53),53,19,113/21,53/19/113/21,0.1457,Zarząd Transportu Miejskiego w Poznaniu   ,
PIĄTKOWO (53),53,18,120/10,53/18/120/10,1.8664,Zarząd Transportu Miejskiego w Poznaniu   ,
PIĄTKOWO (53),53,18,128/34,53/18/128/34,0.0084,Zarząd Transportu Miejskiego w Poznaniu   ,
WINIARY (52),52,03,83/1,52/03/83/1,0.0611,Zarząd Transportu Miejskiego w Poznaniu   ,
WINIARY (52),52,31,30/2,52/31/30/2,0.0449,Zespół Szkolno-Przedszkolny nr 10   ,2020-02-13T02:00:00+01:00
WINIARY (52),52,36,61,52/36/61,0.0017,Zespół Szkolno-Przedszkolny nr 12   ,
WINIARY (52),52,28,97/84,52/28/97/84,1.4108,Dom Pomocy Społecznej   ,
WINIARY (52),52,32,6,52/32/6,0.064,IX Liceum Ogólnokształcące im. Karola Libelta   ,
WINIARY (52),52,28,99,52/28/99,2.2466,Regionalny Zarząd Gospodarki Wodnej w Poznaniu   ,
WINIARY (52),52,29,50,52/29/50,1.4504,Regionalny Zarząd Gospodarki Wodnej w Poznaniu   ,
MORASKO (54),54,04,61/15,54/04/61/15,0.0112,Prezydent Miasta Poznania   ,
WINIARY (52),52,31,2/16,52/31/2/16,0.0063,Zarząd Zieleni Miejskiej   ,
PIĄTKOWO (53),53,18,145/19,53/18/145/19,0.0058,Zarząd Transportu Miejskiego w Poznaniu   ,
PIĄTKOWO (53),53,18,145/20,53/18/145/20,0.0698,Zarząd Transportu Miejskiego w Poznaniu   ,
PIĄTKOWO (53),53,15,189/84,53/15/189/84,0.1752,Poznańskie Ośrodki Sportu i Rekreacji   ,2020-07-07T04:00:00+02:00
WINIARY (52),52,33,121,52/33/121,0.0658,Najwyższa Izba Kontroli z siedzibą w Warszawie   ,
WINIARY (52),52,28,97/85,52/28/97/85,0.019,Dom Pomocy Społecznej   ,
WINIARY (52),52,32,10,52/32/10,0.0882,IX Liceum Ogólnokształcące im. Karola Libelta   ,
WINIARY (52),52,23,4/6,52/23/4/6,0.2927,Zarząd Geodezji i Katastru Miejskiego GEOPOZ w Poznaniu   ,2016-02-11T02:00:00+01:00
WINIARY (52),52,28,82,52/28/82,1.0994,Zarząd Zieleni Miejskiej   ,
PIĄTKOWO (53),53,20,49/11,53/20/49/11,0.4376,"Przedszkole nr 174 ""Królewna Śnieżka""   ",
PIĄTKOWO (53),53,11,258/23,53/11/258/23,1.3385,XV Liceum Ogólnokształcące im. prof. Wiktora Degi   ,2017-12-12T02:00:00+01:00
PIĄTKOWO (53),53,11,258/30,53/11/258/30,0.3991,"Przedszkole nr 35 ""Króla Maciusia I""   ",
WINIARY (52),52,14,32/5,52/14/32/5,0.4297,Zarząd Zieleni Miejskiej   ,
WINIARY (52),52,02,38/5,52/02/38/5,0.2751,Zarząd Transportu Miejskiego w Poznaniu   ,
WINIARY (52),52,28,53/3,52/28/53/3,0.2938,Zespół Szkół Specjalnych Nr 102 im.Jana Pawła II   ,
WINIARY (52),52,36,37,52/36/37,0.0193,Zespół Szkolno-Przedszkolny nr 12   ,
WINIARY (52),52,38,14,52/38/14,0.043,Zarząd Zieleni Miejskiej   ,
WINIARY (52),52,15,8/4,52/15/8/4,0.0052,Zarząd Transportu Miejskiego w Poznaniu   ,
WINIARY (52),52,15,1/10,52/15/1/10,0.1069,Zarząd Zieleni Miejskiej   ,
WINIARY (52),52,15,1/8,52/15/1/8,2.8565,Zarząd Zieleni Miejskiej   ,
WINIARY (52),52,15,7/3,52/15/7/3,0.0555,Zarząd Zieleni Miejskiej   ,
WINIARY (52),52,22,144,52/22/144,1.2853,Szkoła Podstawowa Nr 66 im. Marii Skłodowskiej-Curie   ,
WINIARY (52),52,32,26/14,52/32/26/14,1.6226,Zespół Szkół Przemysłu Spożywczego im. J.J.Śniadeckich   ,
PIĄTKOWO (53),53,06,639/7,53/06/639/7,0.1184,"Przedszkole nr 148 ""Mali Europejczycy""   ",
WINIARY (52),52,32,12/1,52/32/12/1,0.0373,IX Liceum Ogólnokształcące im. Karola Libelta   ,
WINIARY (52),52,14,33/90,52/14/33/90,1.3393,Zespół Szkół z Oddziałami Sportowymi Nr 1   ,
WINIARY (52),52,31,59/4,52/31/59/4,0.1527,"Szkoła Podstawowa nr 83 'Łejery"" im.Emilii Waśniowskiej   ",2017-11-11T02:00:00+01:00
WINIARY (52),52,28,84,52/28/84,0.0231,Zarząd Zieleni Miejskiej   ,
WINIARY (52),52,31,30/6,52/31/30/6,0.9307,Zespół Szkolno-Przedszkolny nr 10   ,2020-02-13T02:00:00+01:00
WINIARY (52),52,37,136,52/37/136,0.2811,Szkoła Podstawowa nr 11 im. Gen Dezyderego Chłapowskiego   ,
WINIARY (52),52,21,77/28,52/21/77/28,0.0016,Poznański Zespół Żłobków   ,
WINIARY (52),52,03,84/1,52/03/84/1,0.1214,Zarząd Transportu Miejskiego w Poznaniu   ,
WINIARY (52),52,19,11/24,52/19/11/24,0.1083,Zarząd Zieleni Miejskiej   ,
WINIARY (52),52,02,16/4,52/02/16/4,0.5617,Izba Administracji Skarbowej   ,
WINIARY (52),52,36,5,52/36/5,0.0455,Zarząd Transportu Miejskiego w Poznaniu   ,
WINIARY (52),52,38,10,52/38/10,1.1293,Zarząd Zieleni Miejskiej   ,
WINIARY (52),52,13,64/2,52/13/64/2,0.0815,Agencja Bezpieczeństwa Wewnętrznego   ,
WINIARY (52),52,32,15/1,52/32/15/1,0.0887,IX Liceum Ogólnokształcące im. Karola Libelta   ,
WINIARY (52),52,37,67/2,52/37/67/2,2.1875,Zarząd Zieleni Miejskiej   ,
WINIARY (52),52,03,69/2,52/03/69/2,0.1221,Zarząd Transportu Miejskiego w Poznaniu   ,
PIĄTKOWO (53),53,07,510/12,53/07/510/12,0.1446,Zarząd Transportu Miejskiego w Poznaniu   ,
PIĄTKOWO (53),53,07,510/10,53/07/510/10,0.1466,Zarząd Transportu Miejskiego w Poznaniu   ,
PIĄTKOWO (53),53,07,514/10,53/07/514/10,0.8053,Zarząd Transportu Miejskiego w Poznaniu   ,
PIĄTKOWO (53),53,07,438/12,53/07/438/12,0.0255,Zarząd Transportu Miejskiego w Poznaniu   ,
PIĄTKOWO (53),53,07,507/5,53/07/507/5,0.002,Zarząd Transportu Miejskiego w Poznaniu   ,
PIĄTKOWO (53),53,07,508/2,53/07/508/2,0.0204,Zarząd Transportu Miejskiego w Poznaniu   ,
PIĄTKOWO (53),53,07,509/7,53/07/509/7,0.2387,Zarząd Transportu Miejskiego w Poznaniu   ,
WINIARY (52),52,27,18/1,52/27/18/1,0.0099,Generalna Dyrekcja Dróg Krajowych i Autostrad   ,
WINIARY (52),52,03,74/1,52/03/74/1,0.0047,Zarząd Transportu Miejskiego w Poznaniu   ,
WINIARY (52),52,03,70/2,52/03/70/2,0.1066,Zarząd Transportu Miejskiego w Poznaniu   ,
WINIARY (52),52,32,5,52/32/5,0.122,IX Liceum Ogólnokształcące im. Karola Libelta   ,
WINIARY (52),52,08,81/18,52/08/81/18,1.0057,Zespół Szkolno-Przedszkolny Nr 5   ,
WINIARY (52),52,37,85,52/37/85,0.0158,XX Liceum Ogólnokształcące im Konstantego Ildefonsa Gałczyńskiego   ,2018-01-06T02:00:00+01:00
WINIARY (52),52,14,33/87,52/14/33/87,0.4319,Przedszkole nr 127   ,
WINIARY (52),52,32,26/10,52/32/26/10,0.0518,Zespół Szkół Przemysłu Spożywczego im. J.J.Śniadeckich   ,
PIĄTKOWO (53),53,15,253/23,53/15/253/23,0.0831,Poznańskie Ośrodki Sportu i Rekreacji   ,2020-07-07T04:00:00+02:00
PIĄTKOWO (53),53,15,253/25,53/15/253/25,0.0297,Poznańskie Ośrodki Sportu i Rekreacji   ,2020-07-07T04:00:00+02:00
PIĄTKOWO (53),53,15,266/5,53/15/266/5,0.03,Poznańskie Ośrodki Sportu i Rekreacji   ,2020-07-07T04:00:00+02:00
PIĄTKOWO (53),53,15,266/6,53/15/266/6,0.0002,Poznańskie Ośrodki Sportu i Rekreacji   ,2020-07-07T04:00:00+02:00
PIĄTKOWO (53),53,15,266/8,53/15/266/8,0.0657,Poznańskie Ośrodki Sportu i Rekreacji   ,2020-07-07T04:00:00+02:00
WINIARY (52),52,32,16/1,52/32/16/1,0.1254,IX Liceum Ogólnokształcące im. Karola Libelta   ,
WINIARY (52),52,32,90/2,52/32/90/2,0.0119,Zespół Szkół Przemysłu Spożywczego im. J.J.Śniadeckich   ,
WINIARY (52),52,38,24,52/38/24,1.8087,Zarząd Zieleni Miejskiej   ,
WINIARY (52),52,27,17/1,52/27/17/1,0.0385,Generalna Dyrekcja Dróg Publicznych w Warszawie   ,
PIĄTKOWO (53),53,07,406/25,53/07/406/25,0.0032,Zarząd Transportu Miejskiego w Poznaniu   ,
PIĄTKOWO (53),53,15,255/3,53/15/255/3,0.0021,Szkoła Podstawowa nr 67 z Oddziałami Dwujęzycznymi i Sportowymi im. Jacka Kuronia   ,2017-12-19T02:00:00+01:00
PIĄTKOWO (53),53,11,258/25,53/11/258/25,0.4654,Przedszkole nr 163   ,
WINIARY (52),52,35,25/2,52/35/25/2,0.0392,Zespół Szkolno-Przedszkolny nr 10   ,2020-02-13T02:00:00+01:00
WINIARY (52),52,36,147,52/36/147,2.152,Zespół Szkolno-Przedszkolny nr 12   ,
WINIARY (52),52,35,25/1,52/35/25/1,0.0682,Zespół Szkolno-Przedszkolny nr 10   ,2020-02-13T02:00:00+01:00
WINIARY (52),52,28,96,52/28/96,0.2049,Dom Pomocy Społecznej   ,
PIĄTKOWO (53),53,06,636/2,53/06/636/2,0.0284,"Przedszkole nr 148 ""Mali Europejczycy""   ",
PIĄTKOWO (53),53,21,59/8,53/21/59/8,0.1712,Komenda Wojewódzka Policji w Poznaniu   ,
WINIARY (52),52,19,11/21,52/19/11/21,0.3256,Zarząd Zieleni Miejskiej   ,
WINIARY (52),52,28,85,52/28/85,0.811,Zarząd Zieleni Miejskiej   ,
WINIARY (52),52,08,81/3,52/08/81/3,0.4933,Zespół Szkolno-Przedszkolny Nr 5   ,
PIĄTKOWO (53),53,07,527/4,53/07/527/4,0.0886,Zarząd Transportu Miejskiego w Poznaniu   ,
WINIARY (52),52,28,53/6,52/28/53/6,2.2179,Zespół Szkół Łączności im. Mikołaja Kopernika   ,
WINIARY (52),52,28,53/5,52/28/53/5,0.479,Zespół Szkół Specjalnych Nr 102 im.Jana Pawła II   ,
PIĄTKOWO (53),53,06,544/4,53/06/544/4,0.0158,"Przedszkole nr 148 ""Mali Europejczycy""   ",
WINIARY (52),52,31,30/3,52/31/30/3,1.0354,"Szkoła Podstawowa nr 83 'Łejery"" im.Emilii Waśniowskiej   ",2017-11-11T02:00:00+01:00
WINIARY (52),52,03,79/3,52/03/79/3,0.0063,Zarząd Transportu Miejskiego w Poznaniu   ,
PIĄTKOWO (53),53,03,814/7,53/03/814/7,0.1572,Szkoła Podstawowa Specjalna nr 112   ,
PIĄTKOWO (53),53,19,113/23,53/19/113/23,0.4005,Zarząd Transportu Miejskiego w Poznaniu   ,
WINIARY (52),52,28,83,52/28/83,0.364,Zarząd Zieleni Miejskiej   ,
WINIARY (52),52,32,25/1,52/32/25/1,0.186,Zespół Szkół Przemysłu Spożywczego im. J.J.Śniadeckich   ,
WINIARY (52),52,32,7,52/32/7,0.0625,IX Liceum Ogólnokształcące im. Karola Libelta   ,
WINIARY (52),52,32,9,52/32/9,0.0895,IX Liceum Ogólnokształcące im. Karola Libelta   ,
WINIARY (52),52,03,73/1,52/03/73/1,0.0126,Zarząd Transportu Miejskiego w Poznaniu   ,
WINIARY (52),52,08,3/3,52/08/3/3,0.004,"Przedszkole Nr 158 ""Świat Krasnali""   ",
WINIARY (52),52,15,6/1,52/15/6/1,0.0876,Zarząd Transportu Miejskiego w Poznaniu   ,
WINIARY (52),52,33,123,52/33/123,0.0828,Najwyższa Izba Kontroli z siedzibą w Warszawie   ,
WINIARY (52),52,08,81/2,52/08/81/2,0.4527,"Przedszkole Nr 158 ""Świat Krasnali""   ",
WINIARY (52),52,37,137,52/37/137,0.0613,Szkoła Podstawowa nr 11 im. Gen Dezyderego Chłapowskiego   ,
WINIARY (52),52,37,131,52/37/131,0.1217,Szkoła Podstawowa nr 11 im. Gen Dezyderego Chłapowskiego   ,
WINIARY (52),52,35,34/2,52/35/34/2,0.0912,Zespół Szkół Zawodowych nr 2 im. Janusza Korczaka   ,
WINIARY (52),52,15,1/5,52/15/1/5,0.1905,Zarząd Transportu Miejskiego w Poznaniu   ,
WINIARY (52),52,38,19,52/38/19,0.1695,Zarząd Zieleni Miejskiej   ,
WINIARY (52),52,03,68/2,52/03/68/2,0.0259,Zarząd Transportu Miejskiego w Poznaniu   ,
WINIARY (52),52,30,2/2,52/30/2/2,0.0455,Zarząd Transportu Miejskiego w Poznaniu   ,
PIĄTKOWO (53),53,15,266/7,53/15/266/7,0.0015,Poznańskie Ośrodki Sportu i Rekreacji   ,2020-07-07T04:00:00+02:00
PIĄTKOWO (53),53,15,189/96,53/15/189/96,0.0108,Poznańskie Ośrodki Sportu i Rekreacji   ,2020-07-07T04:00:00+02:00
PIĄTKOWO (53),53,15,189/89,53/15/189/89,0.3244,Poznańskie Ośrodki Sportu i Rekreacji   ,2020-07-07T04:00:00+02:00
PIĄTKOWO (53),53,15,189/90,53/15/189/90,0.1026,Poznańskie Ośrodki Sportu i Rekreacji   ,2020-07-07T04:00:00+02:00
PIĄTKOWO (53),53,15,189/88,53/15/189/88,0.0506,Poznańskie Ośrodki Sportu i Rekreacji   ,2020-07-07T04:00:00+02:00
PIĄTKOWO (53),53,15,189/94,53/15/189/94,0.1538,Poznańskie Ośrodki Sportu i Rekreacji   ,2020-07-07T04:00:00+02:00
PIĄTKOWO (53),53,15,189/95,53/15/189/95,0.0209,Poznańskie Ośrodki Sportu i Rekreacji   ,2020-07-07T04:00:00+02:00
PIĄTKOWO (53),53,15,189/91,53/15/189/91,0.0026,Poznańskie Ośrodki Sportu i Rekreacji   ,2020-07-07T04:00:00+02:00
PIĄTKOWO (53),53,15,189/92,53/15/189/92,0.0133,Szkoła Podstawowa nr 67 z Oddziałami Dwujęzycznymi i Sportowymi im. Jacka Kuronia   ,2017-12-19T02:00:00+01:00
PIĄTKOWO (53),53,06,633/6,53/06/633/6,0.201,"Przedszkole nr 148 ""Mali Europejczycy""   ",
PIĄTKOWO (53),53,06,546/31,53/06/546/31,0.0039,"Przedszkole nr 148 ""Mali Europejczycy""   ",
WINIARY (52),52,04,70,52/04/70,0.1071,Sąd Apelacyjny w Poznaniu   ,
WINIARY (52),52,25,55/3,52/25/55/3,0.0042,Zarząd Transportu Miejskiego w Poznaniu   ,
WINIARY (52),52,15,1/3,52/15/1/3,0.0576,Zarząd Transportu Miejskiego w Poznaniu   ,
WINIARY (52),52,15,8/5,52/15/8/5,0.1,Zarząd Transportu Miejskiego w Poznaniu   ,
WINIARY (52),52,03,68/1,52/03/68/1,0.1021,Zarząd Transportu Miejskiego w Poznaniu   ,
WINIARY (52),52,30,11/1,52/30/11/1,0.0157,Zarząd Transportu Miejskiego w Poznaniu   ,
WINIARY (52),52,03,81/1,52/03/81/1,0.0283,Zarząd Transportu Miejskiego w Poznaniu   ,
WINIARY (52),52,10,6/9,52/10/6/9,0.4413,Generalna Dyrekcja Dróg Krajowych i Autostrad   ,2020-01-24T02:00:00+01:00
WINIARY (52),52,37,35,52/37/35,0.3632,XX Liceum Ogólnokształcące im Konstantego Ildefonsa Gałczyńskiego   ,2018-01-06T02:00:00+01:00
WINIARY (52),52,37,51,52/37/51,0.0097,XX Liceum Ogólnokształcące im Konstantego Ildefonsa Gałczyńskiego   ,2018-01-06T02:00:00+01:00
WINIARY (52),52,37,49,52/37/49,1.02,XX Liceum Ogólnokształcące im Konstantego Ildefonsa Gałczyńskiego   ,2018-01-06T02:00:00+01:00
WINIARY (52),52,35,35,52/35/35,0.0081,Zespół Szkół Zawodowych nr 2 im. Janusza Korczaka   ,
WINIARY (52),52,37,59,52/37/59,0.0367,Przedszkole nr 37   ,
WINIARY (52),52,37,145,52/37/145,0.413,Szkoła Podstawowa nr 11 im. Gen Dezyderego Chłapowskiego   ,
WINIARY (52),52,14,33/88,52/14/33/88,0.3553,Poznański Zespół Żłobków   ,
WINIARY (52),52,10,6/14,52/10/6/14,0.2582,Wielkopolski Zarząd Dróg Wojewódzkich   ,2016-01-01T02:00:00+01:00
PIĄTKOWO (53),53,03,814/3,53/03/814/3,0.3545,Szkoła Podstawowa Specjalna nr 112   ,2017-12-13T02:00:00+01:00
WINIARY (52),52,31,28/2,52/31/28/2,0.0421,"Szkoła Podstawowa nr 83 'Łejery"" im.Emilii Waśniowskiej   ",2017-11-11T02:00:00+01:00
WINIARY (52),52,15,5/2,52/15/5/2,0.1491,Zarząd Transportu Miejskiego w Poznaniu   ,
WINIARY (52),52,03,67/7,52/03/67/7,0.1574,Zarząd Transportu Miejskiego w Poznaniu   ,
PIĄTKOWO (53),53,20,47/6,53/20/47/6,0.3352,Szkoła Podstawowa nr 68   ,2018-04-19T04:00:00+02:00
PIĄTKOWO (53),53,06,637/4,53/06/637/4,0.0339,"Przedszkole nr 148 ""Mali Europejczycy""   ",
PIĄTKOWO (53),53,06,638/2,53/06/638/2,0.0436,"Przedszkole nr 148 ""Mali Europejczycy""   ",
WINIARY (52),52,03,88/4,52/03/88/4,0.0621,Zarząd Transportu Miejskiego w Poznaniu   ,
WINIARY (52),52,32,11,52/32/11,0.0865,IX Liceum Ogólnokształcące im. Karola Libelta   ,
WINIARY (52),52,32,19,52/32/19,0.0864,IX Liceum Ogólnokształcące im. Karola Libelta   ,
WINIARY (52),52,32,17,52/32/17,0.0892,IX Liceum Ogólnokształcące im. Karola Libelta   ,
WINIARY (52),52,35,34/9,52/35/34/9,0.0224,Zespół Szkół Zawodowych nr 2 im. Janusza Korczaka   ,
WINIARY (52),52,35,51/6,52/35/51/6,0.1698,Zespół Szkół Zawodowych nr 2 im. Janusza Korczaka   ,
PIĄTKOWO (53),53,15,253/13,53/15/253/13,0.0001,Szkoła Podstawowa nr 67 z Oddziałami Dwujęzycznymi i Sportowymi im. Jacka Kuronia   ,2017-12-19T02:00:00+01:00
PIĄTKOWO (53),53,20,49/10,53/20/49/10,0.0978,Szkoła Podstawowa nr 68   ,2018-04-19T04:00:00+02:00
PIĄTKOWO (53),53,21,49/20,53/21/49/20,0.5308,"Przedszkole nr 182 ""Król Elfów""   ",
PIĄTKOWO (53),53,22,40/64,53/22/40/64,0.1001,Zarząd Zieleni Miejskiej   ,2016-07-22T04:00:00+02:00
PIĄTKOWO (53),53,21,59/6,53/21/59/6,0.222,Komenda Wojewódzka Policji w Poznaniu   ,
PIĄTKOWO (53),53,11,258/40,53/11/258/40,2.0564,Poradnia Psychologiczno -Pedagogiczna nr 4 Poznań-Piątkowo   ,
PIĄTKOWO (53),53,11,258/40,53/11/258/40,2.0564,Zespół Szkolno-Przedszkolny nr 11   ,2020-01-02T02:00:00+01:00
WINIARY (52),52,22,145,52/22/145,0.3865,Zespół Przedszkoli nr 3   ,
WINIARY (52),52,03,86/3,52/03/86/3,0.0865,Zarząd Transportu Miejskiego w Poznaniu   ,
WINIARY (52),52,32,18,52/32/18,0.0879,IX Liceum Ogólnokształcące im. Karola Libelta   ,
WINIARY (52),52,21,77/26,52/21/77/26,0.3435,Poznański Zespół Żłobków   ,
WINIARY (52),52,35,36/6,52/35/36/6,0.0097,Zespół Szkół Zawodowych nr 2 im. Janusza Korczaka   ,
WINIARY (52),52,37,70,52/37/70,0.4495,Przedszkole nr 185   ,
PIĄTKOWO (53),53,05,394/15,53/05/394/15,0.0424,Komenda Miejska Państwowej Straży Pożarnej w Poznaniu   ,2019-09-25T04:00:00+02:00
PIĄTKOWO (53),53,14,258/28,53/14/258/28,0.4508,Zespół Szkolno-Przedszkolny nr 11   ,2019-12-28T02:00:00+01:00
PIĄTKOWO (53),53,15,253/24,53/15/253/24,1.7719,Szkoła Podstawowa nr 67 z Oddziałami Dwujęzycznymi i Sportowymi im. Jacka Kuronia   ,2017-12-19T02:00:00+01:00
WINIARY (52),52,35,51/7,52/35/51/7,0.0039,Zespół Szkół Zawodowych nr 2 im. Janusza Korczaka   ,
WINIARY (52),52,03,80,52/03/80,0.037,Zarząd Transportu Miejskiego w Poznaniu   ,
WINIARY (52),52,37,133,52/37/133,0.0025,Szkoła Podstawowa nr 11 im. Gen Dezyderego Chłapowskiego   ,
WINIARY (52),52,37,127,52/37/127,0.0176,Szkoła Podstawowa nr 11 im. Gen Dezyderego Chłapowskiego   ,
WINIARY (52),52,03,71/4,52/03/71/4,0.045,Zarząd Transportu Miejskiego w Poznaniu   ,
WINIARY (52),52,32,8,52/32/8,0.0906,IX Liceum Ogólnokształcące im. Karola Libelta   ,
WINIARY (52),52,23,5/12,52/23/5/12,0.2118,Zarząd Geodezji i Katastru Miejskiego GEOPOZ w Poznaniu   ,2016-02-11T02:00:00+01:00
WINIARY (52),52,18,6/127,52/18/6/127,0.0459,Zarząd Zieleni Miejskiej   ,
WINIARY (52),52,32,20/1,52/32/20/1,0.0376,IX Liceum Ogólnokształcące im. Karola Libelta   ,
WINIARY (52),52,25,43/1,52/25/43/1,0.0868,Zarząd Transportu Miejskiego w Poznaniu   ,
WINIARY (52),52,25,11,52/25/11,0.1194,Zarząd Transportu Miejskiego w Poznaniu   ,
WINIARY (52),52,14,26/2,52/14/26/2,1.2008,Zarząd Zieleni Miejskiej   ,
WINIARY (52),52,14,33/9,52/14/33/9,0.4626,Przedszkole Nr 116   ,
WINIARY (52),52,25,42/1,52/25/42/1,0.0753,Zarząd Transportu Miejskiego w Poznaniu   ,
WINIARY (52),52,25,47,52/25/47,0.1237,Zarząd Transportu Miejskiego w Poznaniu   ,
WINIARY (52),52,37,54,52/37/54,0.4589,Przedszkole nr 37   ,
PIĄTKOWO (53),53,21,49/21,53/21/49/21,2.1593,Zespół Szkolno-Przedszkolny nr 6   ,2017-07-18T04:00:00+02:00
PIĄTKOWO (53),53,15,189/93,53/15/189/93,0.002,Szkoła Podstawowa nr 67 z Oddziałami Dwujęzycznymi i Sportowymi im. Jacka Kuronia   ,2017-12-19T02:00:00+01:00
PIĄTKOWO (53),53,15,253/22,53/15/253/22,0.0034,Poznańskie Ośrodki Sportu i Rekreacji   ,2020-07-07T04:00:00+02:00
PIĄTKOWO (53),53,09,230/9,53/09/230/9,2.012,Zespół Szkolno-Przedszkolny nr 8   ,2018-04-18T04:00:00+02:00
WINIARY (52),52,28,97/92,52/28/97/92,0.0015,Zarząd Zieleni Miejskiej   ,
WINIARY (52),52,25,41/1,52/25/41/1,0.0159,Zarząd Transportu Miejskiego w Poznaniu   ,
WINIARY (52),52,25,44/1,52/25/44/1,0.0666,Zarząd Transportu Miejskiego w Poznaniu   ,
WINIARY (52),52,38,29,52/38/29,0.0063,Zarząd Zieleni Miejskiej   ,
WINIARY (52),52,10,5/3,52/10/5/3,0.3507,Generalna Dyrekcja Dróg Krajowych i Autostrad   ,2020-01-24T02:00:00+01:00
PIĄTKOWO (53),53,07,409/3,53/07/409/3,0.0098,Zarząd Transportu Miejskiego w Poznaniu   ,
PIĄTKOWO (53),53,14,258/29,53/14/258/29,0.0535,Poradnia Psychologiczno -Pedagogiczna nr 4 Poznań-Piątkowo   ,
PIĄTKOWO (53),53,14,258/29,53/14/258/29,0.0535,Zespół Szkolno-Przedszkolny nr 11   ,2020-01-02T02:00:00+01:00
WINIARY (52),52,36,62,52/36/62,0.0278,Zespół Szkolno-Przedszkolny nr 12   ,
WINIARY (52),52,37,55,52/37/55,1.1898,XX Liceum Ogólnokształcące im Konstantego Ildefonsa Gałczyńskiego   ,2018-01-06T02:00:00+01:00
WINIARY (52),52,22,10/2,52/22/10/2,0.1231,Zespół Przedszkoli nr 3   ,
PIĄTKOWO (53),53,06,545/3,53/06/545/3,0.0108,"Przedszkole nr 148 ""Mali Europejczycy""   ",
WINIARY (52),52,37,37,52/37/37,0.586,XX Liceum Ogólnokształcące im Konstantego Ildefonsa Gałczyńskiego   ,2018-01-06T02:00:00+01:00
WINIARY (52),52,23,5/11,52/23/5/11,0.0094,Zarząd Geodezji i Katastru Miejskiego GEOPOZ w Poznaniu   ,2016-02-11T02:00:00+01:00
WINIARY (52),52,25,10/1,52/25/10/1,0.0408,Zarząd Transportu Miejskiego w Poznaniu   ,
WINIARY (52),52,15,7/2,52/15/7/2,0.0403,Zarząd Transportu Miejskiego w Poznaniu   ,
WINIARY (52),52,37,132,52/37/132,0.0055,Szkoła Podstawowa nr 11 im. Gen Dezyderego Chłapowskiego   ,
WINIARY (52),52,02,37/14,52/02/37/14,0.0066,Zarząd Transportu Miejskiego w Poznaniu   ,
WINIARY (52),52,37,129,52/37/129,0.4211,Szkoła Podstawowa nr 11 im. Gen Dezyderego Chłapowskiego   ,
WINIARY (52),52,33,122,52/33/122,0.0841,Najwyższa Izba Kontroli z siedzibą w Warszawie   ,
WINIARY (52),52,25,45/1,52/25/45/1,0.0963,Zarząd Transportu Miejskiego w Poznaniu   ,
WINIARY (52),52,25,46,52/25/46,0.1199,Zarząd Transportu Miejskiego w Poznaniu   ,
PIĄTKOWO (53),53,09,251/56,53/09/251/56,0.6173,Przedszkole nr 189   ,
PIĄTKOWO (53),53,09,251/57,53/09/251/57,0.5375,Poznański Zespół Żłobków   ,
WILDA (61),61,15,85/1,61/15/85/1,0.0078,Dom Dziecka Nr 2   ,
WILDA (61),61,15,85/1,61/15/85/1,0.0078,Miejskie Centrum Interwencji Kryzysowej   ,
WILDA (61),61,15,85/2,61/15/85/2,0.0468,Miejskie Centrum Interwencji Kryzysowej   ,
WILDA (61),61,15,84/2,61/15/84/2,0.0272,Dom Dziecka Nr 2   ,
WILDA (61),61,15,84/2,61/15/84/2,0.0272,Miejskie Centrum Interwencji Kryzysowej   ,
WILDA (61),61,15,84/3,61/15/84/3,0.0695,Dom Dziecka Nr 2   ,
WILDA (61),61,15,84/1,61/15/84/1,0.2504,Miejskie Centrum Interwencji Kryzysowej   ,
WILDA (61),61,15,83/3,61/15/83/3,0.0707,Dom Dziecka Nr 2   ,
WILDA (61),61,15,83/1,61/15/83/1,0.1567,Miejskie Centrum Interwencji Kryzysowej   ,
WILDA (61),61,15,83/2,61/15/83/2,0.1937,Dom Dziecka Nr 2   ,
WILDA (61),61,05,30/5,61/05/30/5,0.0741,Zarząd Zieleni Miejskiej   ,
WILDA (61),61,05,30/6,61/05/30/6,3.7619,Zarząd Zieleni Miejskiej   ,
DĘBIEC (60),60,22,4/2,60/22/4/2,0.0581,Zespół Szkolno-Przedszkolny Nr 3   ,
RADOJEWO (55),55,11,134/3,55/11/134/3,1.116,Zarząd Dróg Miejskich   ,
RADOJEWO (55),55,11,59/13,55/11/59/13,0.0088,Zarząd Dróg Miejskich   ,
RADOJEWO (55),55,11,60/6,55/11/60/6,0.0036,Zarząd Dróg Miejskich   ,
DĘBIEC (60),60,03,3,60/03/3,0.0897,Zarząd Zieleni Miejskiej   ,2023-07-14T04:00:00+02:00
DĘBIEC (60),60,35,7/7,60/35/7/7,0.0236,Generalna Dyrekcja Dróg Krajowych i Autostrad Oddział w Poznaniu   ,
WILDA (61),61,09,17/36,61/09/17/36,0.022,Zarząd Zieleni Miejskiej   ,
WILDA (61),61,09,17/33,61/09/17/33,0.1487,Zarząd Zieleni Miejskiej   ,2016-02-08T02:00:00+01:00
WILDA (61),61,12,103/2,61/12/103/2,0.3282,Zespół Szkół Muzycznych w Poznaniu   ,
MORASKO (54),54,39,166/5,54/39/166/5,0.6292,Zarząd Dróg Miejskich   ,
WILDA (61),61,09,4/19,61/09/4/19,0.2472,Poznańskie Ośrodki Sportu i Rekreacji   ,
WILDA (61),61,14,153/1,61/14/153/1,0.0083,Poznański Zespół Żłobków   ,
WILDA (61),61,09,6/4,61/09/6/4,0.1069,Zarząd Zieleni Miejskiej   ,
PIĄTKOWO (53),53,20,49/8,53/20/49/8,0.6903,Zarząd Dróg Miejskich   ,
MORASKO (54),54,13,135/5,54/13/135/5,0.4265,Zespół Szkolno-Przedszkolny nr 9   ,
PLEWISKA (41),41,10,590/4,41/10/590/4,0.2697,Zarząd Dróg Miejskich   ,
PLEWISKA (41),41,12,326/1,41/12/326/1,0.3042,Zarząd Dróg Miejskich   ,
RADOJEWO (55),55,12,134/2,55/12/134/2,0.166,Zarząd Dróg Miejskich   ,
UMULTOWO (56),56,15,26/8,56/15/26/8,0.0396,Zarząd Dróg Miejskich   ,
UMULTOWO (56),56,15,248/2,56/15/248/2,1.0671,Zarząd Dróg Miejskich   ,
DĘBIEC (60),60,29,85,60/29/85,0.0006,Zarząd Zieleni Miejskiej   ,2018-05-05T04:00:00+02:00
DĘBIEC (60),60,19,14/12,60/19/14/12,0.1707,"Przedszkole nr 188 ""Dębowe Ludki""   ",
DĘBIEC (60),60,36,1/21,60/36/1/21,0.2835,"Przedszkole nr 188 ""Dębowe Ludki""   ",
DĘBIEC (60),60,04,1/22,60/04/1/22,0.0417,Prezydent Miasta Poznania   ,
DĘBIEC (60),60,06,167,60/06/167,0.0398,Zarząd Transportu Miejskiego w Poznaniu   ,
DĘBIEC (60),60,22,8/3,60/22/8/3,0.0012,Zespół Szkolno-Przedszkolny Nr 3   ,
DĘBIEC (60),60,06,12/3,60/06/12/3,0.137,Zarząd Transportu Miejskiego w Poznaniu   ,
MORASKO (54),54,36,443/1,54/36/443/1,0.235,Zarząd Dróg Miejskich   ,
DĘBIEC (60),60,06,49,60/06/49,0.2065,Szkoła Podstawowa nr 84 im.Tadeusza Kościuszki   ,2016-05-28T04:00:00+02:00
DĘBIEC (60),60,16,24,60/16/24,0.091,Technikum nr 19 im. Marszałka Józefa Piłsudskiego   ,2017-11-24T02:00:00+01:00
DĘBIEC (60),60,07,99,60/07/99,0.4563,Zespół Szkół Mechanicznych im.Komisji Edukacji Narodowej   ,
DĘBIEC (60),60,18,15/1,60/18/15/1,0.6853,Generalna Dyrekcja Dróg Krajowych i Autostrad   ,
RADOJEWO (55),55,12,4/2,55/12/4/2,0.9039,Zarząd Dróg Miejskich   ,
WILDA (61),61,09,17/34,61/09/17/34,18.2121,Zarząd Zieleni Miejskiej   ,
WILDA (61),61,09,17/35,61/09/17/35,0.1836,Zarząd Zieleni Miejskiej   ,2016-02-08T02:00:00+01:00
WILDA (61),61,13,93/5,61/13/93/5,0.3322,Zespół Szkolno-Przedszkolny nr 18   ,
UMULTOWO (56),56,14,385/6,56/14/385/6,1.794,Zespół Szkolno-Przedszkolny nr 9   ,2019-03-19T02:00:00+01:00
RADOJEWO (55),55,12,170/1,55/12/170/1,0.1551,Zarząd Dróg Miejskich   ,
DĘBIEC (60),60,19,10/26,60/19/10/26,0.0841,"Przedszkole nr 81 ""Skrzata Borodzieja""   ",
DĘBIEC (60),60,27,1/5,60/27/1/5,11.8444,Zarząd Zieleni Miejskiej   ,
DĘBIEC (60),60,06,12/5,60/06/12/5,0.06,Zarząd Transportu Miejskiego w Poznaniu   ,
DĘBIEC (60),60,01,4/27,60/01/4/27,0.0527,Zarząd Zieleni Miejskiej   ,
DĘBIEC (60),60,01,4/28,60/01/4/28,0.1389,Zarząd Zieleni Miejskiej   ,
UMULTOWO (56),56,21,228/44,56/21/228/44,0.0139,Zarząd Dróg Miejskich   ,
UMULTOWO (56),56,15,25/98,56/15/25/98,0.0011,Zarząd Dróg Miejskich   ,
UMULTOWO (56),56,15,26/29,56/15/26/29,0.0406,Zarząd Dróg Miejskich   ,
UMULTOWO (56),56,15,26/27,56/15/26/27,0.0465,Zarząd Dróg Miejskich   ,
UMULTOWO (56),56,15,25/44,56/15/25/44,0.0344,Zarząd Dróg Miejskich   ,
DĘBIEC (60),60,06,12/4,60/06/12/4,0.1187,Zespół Poradni Psychologiczno-Pedagogicznych nr 2   ,2016-10-12T04:00:00+02:00
DĘBIEC (60),60,18,19/4,60/18/19/4,0.1348,Generalna Dyrekcja Dróg Krajowych i Autostrad Oddział w Poznaniu   ,
DĘBIEC (60),60,18,20/6,60/18/20/6,5.0083,Generalna Dyrekcja Dróg Krajowych i Autostrad Oddział w Poznaniu   ,
DĘBIEC (60),60,16,38/41,60/16/38/41,0.31,"Przedszkole Nr 65 ""Wiolinek""   ",
DĘBIEC (60),60,18,13/11,60/18/13/11,7.58,Generalna Dyrekcja Dróg Krajowych i Autostrad   ,
DĘBIEC (60),60,15,165,60/15/165,0.3387,Zespół Szkolno-Przedszkolny Nr 3   ,
DĘBIEC (60),60,17,1/1,60/17/1/1,1.2697,Szkoła Aspirantów Państwowej Straży Pożarnej   ,
DĘBIEC (60),60,19,18/12,60/19/18/12,0.5561,Zarząd Zieleni Miejskiej   ,
DĘBIEC (60),60,01,3/3,60/01/3/3,0.0138,Zarząd Zieleni Miejskiej   ,
DĘBIEC (60),60,01,3/1,60/01/3/1,0.0451,Zarząd Zieleni Miejskiej   ,
DĘBIEC (60),60,07,100/6,60/07/100/6,0.1405,Bursa Szkolna nr 2   ,
DĘBIEC (60),60,36,4/7,60/36/4/7,0.0042,Generalna Dyrekcja Dróg Krajowych i Autostrad   ,
DĘBIEC (60),60,29,86,60/29/86,0.0055,Zarząd Zieleni Miejskiej   ,2018-05-05T04:00:00+02:00
DĘBIEC (60),60,04,1/8,60/04/1/8,0.452,Wielkopolski Urząd Wojewódzki   ,
DĘBIEC (60),60,17,1/2,60/17/1/2,1.3982,Szkoła Podstawowa nr 84 im.Tadeusza Kościuszki   ,2018-10-04T04:00:00+02:00
DĘBIEC (60),60,04,1/15,60/04/1/15,0.004,Wielkopolski Urząd Wojewódzki   ,
DĘBIEC (60),60,06,48/1,60/06/48/1,0.2384,Szkoła Podstawowa nr 84 im.Tadeusza Kościuszki   ,2016-05-28T04:00:00+02:00
DĘBIEC (60),60,22,7/7,60/22/7/7,0.2439,Zespół Szkolno-Przedszkolny Nr 3   ,
DĘBIEC (60),60,20,1/3,60/20/1/3,0.4976,Technikum nr 19 im. Marszałka Józefa Piłsudskiego   ,2017-11-24T02:00:00+01:00
WILDA (61),61,20,90,61/20/90,0.1216,Zarząd Zieleni Miejskiej   ,2016-06-25T04:00:00+02:00
DĘBIEC (60),60,07,101/2,60/07/101/2,0.439,Zespół Szkół Mechanicznych im.Komisji Edukacji Narodowej   ,2016-12-19T02:00:00+01:00
DĘBIEC (60),60,07,101/2,60/07/101/2,0.439,Zespół Szkół Budowlano-Drzewnych im.Bolesława Chrobrego   ,2016-12-19T02:00:00+01:00
DĘBIEC (60),60,07,100/7,60/07/100/7,0.43,Zespół Szkół Mechanicznych im.Komisji Edukacji Narodowej   ,
DĘBIEC (60),60,18,20/4,60/18/20/4,2.9487,Generalna Dyrekcja Dróg Krajowych i Autostrad Oddział w Poznaniu   ,
DĘBIEC (60),60,07,81/7,60/07/81/7,0.0072,Bursa Szkolna nr 2   ,
MORASKO (54),54,21,227/69,54/21/227/69,0.0008,Zarząd Dróg Miejskich   ,
MORASKO (54),54,19,249/2,54/19/249/2,0.2979,Zarząd Dróg Miejskich   ,
MORASKO (54),54,21,227/71,54/21/227/71,0.0019,Zarząd Dróg Miejskich   ,
RADOJEWO (55),55,12,59/6,55/12/59/6,0.0004,Zarząd Dróg Miejskich   ,
UMULTOWO (56),56,14,386/179,56/14/386/179,0.1027,Zarząd Dróg Miejskich   ,
UMULTOWO (56),56,22,229/5,56/22/229/5,0.0938,Zarząd Dróg Miejskich   ,
UMULTOWO (56),56,14,386/178,56/14/386/178,0.0468,Zarząd Dróg Miejskich   ,
UMULTOWO (56),56,21,275/3,56/21/275/3,0.007,Zarząd Dróg Miejskich   ,
UMULTOWO (56),56,21,10/55,56/21/10/55,0.1822,Zarząd Dróg Miejskich   ,
UMULTOWO (56),56,21,10/58,56/21/10/58,0.0055,Zarząd Dróg Miejskich   ,
UMULTOWO (56),56,21,10/60,56/21/10/60,0.0017,Zarząd Dróg Miejskich   ,
UMULTOWO (56),56,15,26/25,56/15/26/25,0.0419,Zarząd Dróg Miejskich   ,
UMULTOWO (56),56,15,26/23,56/15/26/23,0.0687,Zarząd Dróg Miejskich   ,
UMULTOWO (56),56,15,25/96,56/15/25/96,0.0032,Zarząd Dróg Miejskich   ,
UMULTOWO (56),56,22,233/5,56/22/233/5,0.0145,Zarząd Dróg Miejskich   ,
UMULTOWO (56),56,14,233/4,56/14/233/4,0.0158,Zarząd Dróg Miejskich   ,
UMULTOWO (56),56,22,16/9,56/22/16/9,0.9134,Zarząd Dróg Miejskich   ,
UMULTOWO (56),56,22,16/12,56/22/16/12,0.0013,Zarząd Dróg Miejskich   ,
DĘBIEC (60),60,06,46/2,60/06/46/2,0.2357,Szkoła Podstawowa nr 84 im.Tadeusza Kościuszki   ,2016-05-28T04:00:00+02:00
DĘBIEC (60),60,19,3/67,60/19/3/67,1.0981,Zarząd Zieleni Miejskiej   ,
DĘBIEC (60),60,19,2/18,60/19/2/18,0.05,Zarząd Zieleni Miejskiej   ,
DĘBIEC (60),60,19,3/63,60/19/3/63,0.075,Zarząd Zieleni Miejskiej   ,
DĘBIEC (60),60,19,9/3,60/19/9/3,0.0048,Zarząd Zieleni Miejskiej   ,
DĘBIEC (60),60,19,18/13,60/19/18/13,0.0481,Zarząd Zieleni Miejskiej   ,
UMULTOWO (56),56,21,10/53,56/21/10/53,0.5739,Zarząd Dróg Miejskich   ,
DĘBIEC (60),60,07,100/9,60/07/100/9,0.1415,Zespół Szkół Mechanicznych im.Komisji Edukacji Narodowej   ,2016-12-19T02:00:00+01:00
DĘBIEC (60),60,07,81/8,60/07/81/8,0.0413,Zespół Szkół Mechanicznych im.Komisji Edukacji Narodowej   ,
UMULTOWO (56),56,15,234/1,56/15/234/1,0.1786,Zarząd Dróg Miejskich   ,
DĘBIEC (60),60,12,61,60/12/61,0.0168,Zarząd Zieleni Miejskiej   ,
DĘBIEC (60),60,06,13/1,60/06/13/1,0.1302,Zarząd Transportu Miejskiego w Poznaniu   ,
DĘBIEC (60),60,06,47/1,60/06/47/1,0.3474,Szkoła Podstawowa nr 84 im.Tadeusza Kościuszki   ,2016-05-28T04:00:00+02:00
DĘBIEC (60),60,22,2/1,60/22/2/1,0.0715,Zespół Szkolno-Przedszkolny Nr 3   ,
DĘBIEC (60),60,19,9/2,60/19/9/2,0.064,Zarząd Zieleni Miejskiej   ,
DĘBIEC (60),60,18,16/13,60/18/16/13,0.0723,Generalna Dyrekcja Dróg Krajowych i Autostrad Oddział w Poznaniu   ,
DĘBIEC (60),60,16,38/43,60/16/38/43,0.2325,Poznański Zespół Żłobków   ,
DĘBIEC (60),60,06,12/6,60/06/12/6,0.0484,Zespół Poradni Psychologiczno-Pedagogicznych nr 2   ,2016-10-12T04:00:00+02:00
DĘBIEC (60),60,07,100/8,60/07/100/8,0.3362,Bursa Szkolna nr 2   ,
DĘBIEC (60),60,30,20/2,60/30/20/2,0.1856,Generalna Dyrekcja Dróg Krajowych i Autostrad   ,
DĘBIEC (60),60,16,23,60/16/23,1.6154,Technikum nr 19 im. Marszałka Józefa Piłsudskiego   ,2017-11-24T02:00:00+01:00
DĘBIEC (60),60,29,87,60/29/87,0.1754,Zarząd Zieleni Miejskiej   ,2018-05-05T04:00:00+02:00
DĘBIEC (60),60,06,36/11,60/06/36/11,0.0041,Szkoła Podstawowa nr 84 im.Tadeusza Kościuszki   ,2016-05-28T04:00:00+02:00
DĘBIEC (60),60,22,3/1,60/22/3/1,1.8388,Zespół Szkolno-Przedszkolny Nr 3   ,
DĘBIEC (60),60,05,114,60/05/114,0.0954,Szkoła Aspirantów Państwowej Straży Pożarnej   ,
WILDA (61),61,09,4/29,61/09/4/29,0.0556,Zarząd Zieleni Miejskiej   ,
WILDA (61),61,09,4/27,61/09/4/27,0.1269,Zarząd Zieleni Miejskiej   ,
WILDA (61),61,09,4/28,61/09/4/28,1.378,Zarząd Zieleni Miejskiej   ,
UMULTOWO (56),56,08,81/6,56/08/81/6,0.0954,Zarząd Zieleni Miejskiej   ,
WILDA (61),61,09,3/2,61/09/3/2,0.0501,Poznańskie Ośrodki Sportu i Rekreacji   ,
WILDA (61),61,09,4/17,61/09/4/17,0.3075,Poznańskie Ośrodki Sportu i Rekreacji   ,
UMULTOWO (56),56,15,26/7,56/15/26/7,0.0991,Zarząd Dróg Miejskich   ,
UMULTOWO (56),56,15,25/41,56/15/25/41,0.0321,Zarząd Dróg Miejskich   ,
UMULTOWO (56),56,15,25/39,56/15/25/39,0.0002,Zarząd Dróg Miejskich   ,
DĘBIEC (60),60,12,60/3,60/12/60/3,0.1851,Zarząd Zieleni Miejskiej   ,
DĘBIEC (60),60,01,4/6,60/01/4/6,0.2657,Zarząd Zieleni Miejskiej   ,
DĘBIEC (60),60,19,2/22,60/19/2/22,0.6867,Zarząd Zieleni Miejskiej   ,
DĘBIEC (60),60,17,14/32,60/17/14/32,1.555,Zarząd Zieleni Miejskiej   ,
DĘBIEC (60),60,17,14/16,60/17/14/16,0.4788,Zespół Szkolno-Przedszkolny nr 2   ,2019-09-13T04:00:00+02:00
DĘBIEC (60),60,17,14/14,60/17/14/14,2.125,Zespół Szkolno-Przedszkolny nr 2   ,
DĘBIEC (60),60,06,16/3,60/06/16/3,0.1968,Zarząd Zieleni Miejskiej   ,
DĘBIEC (60),60,19,3/27,60/19/3/27,0.4707,"Przedszkole nr 22 ""Chatka Puchatka""   ",
DĘBIEC (60),60,06,16/5,60/06/16/5,0.0192,Zarząd Zieleni Miejskiej   ,
DĘBIEC (60),60,19,3/23,60/19/3/23,0.1082,Liceum Ogólnokształcące Mistrzostwa Sportowego   ,2020-02-06T02:00:00+01:00
DĘBIEC (60),60,19,4/13,60/19/4/13,0.0328,"Przedszkole nr 81 ""Skrzata Borodzieja""   ",
DĘBIEC (60),60,30,10/2,60/30/10/2,1.8718,Generalna Dyrekcja Dróg Krajowych i Autostrad   ,
DĘBIEC (60),60,19,3/29,60/19/3/29,0.2342,"Przedszkole nr 81 ""Skrzata Borodzieja""   ",
DĘBIEC (60),60,07,102/3,60/07/102/3,0.9488,Zespół Szkół Mechanicznych im.Komisji Edukacji Narodowej   ,2016-12-19T02:00:00+01:00
DĘBIEC (60),60,07,102/3,60/07/102/3,0.9488,Zespół Szkół Budowlano-Drzewnych im.Bolesława Chrobrego   ,2016-12-19T02:00:00+01:00
DĘBIEC (60),60,18,17/2,60/18/17/2,0.3889,Generalna Dyrekcja Dróg Krajowych i Autostrad   ,
GŁÓWNA (1),1,11,23/5,1/11/23/5,0.2139,"Szkoła Podstawowa nr 45 im.Okrętu Rzeczypospolitej Polskiej ""Poznań""   ",
GŁÓWNA (1),1,11,23/4,1/11/23/4,0.1331,"Szkoła Podstawowa nr 45 im.Okrętu Rzeczypospolitej Polskiej ""Poznań""   ",2017-12-08T02:00:00+01:00
GŁÓWNA (1),1,11,27/4,1/11/27/4,0.1658,"Szkoła Podstawowa nr 45 im.Okrętu Rzeczypospolitej Polskiej ""Poznań""   ",
GŁÓWNA (1),1,11,27/3,1/11/27/3,0.1226,"Szkoła Podstawowa nr 45 im.Okrętu Rzeczypospolitej Polskiej ""Poznań""   ",2017-12-08T02:00:00+01:00
GŁÓWNA (1),1,11,30/3,1/11/30/3,0.0666,"Szkoła Podstawowa nr 45 im.Okrętu Rzeczypospolitej Polskiej ""Poznań""   ",2017-12-08T02:00:00+01:00
GŁÓWNA (1),1,11,30/4,1/11/30/4,0.1622,"Szkoła Podstawowa nr 45 im.Okrętu Rzeczypospolitej Polskiej ""Poznań""   ",
GŁÓWNA (1),1,01,5/49,1/01/5/49,4.1956,Zarząd Dróg Miejskich   ,
GŁÓWNA (1),1,01,5/41,1/01/5/41,0.3147,Zarząd Dróg Miejskich   ,2016-08-19T04:00:00+02:00
GŁÓWNA (1),1,01,2/25,1/01/2/25,0.051,Zarząd Dróg Miejskich   ,2016-08-19T04:00:00+02:00
GŁÓWNA (1),1,01,2/22,1/01/2/22,0.2123,Zarząd Dróg Miejskich   ,2016-08-19T04:00:00+02:00
GŁÓWNA (1),1,17,1/15,1/17/1/15,0.0065,Zarząd Dróg Miejskich   ,2016-08-19T04:00:00+02:00
GŁÓWNA (1),1,15,2/3,1/15/2/3,0.0026,Zarząd Dróg Miejskich   ,2016-08-19T04:00:00+02:00
GŁÓWNA (1),1,01,5/39,1/01/5/39,0.0945,Zarząd Dróg Miejskich   ,2016-08-19T04:00:00+02:00
GŁÓWNA (1),1,08,11/2,1/08/11/2,0.2582,Zarząd Zieleni Miejskiej   ,2017-05-13T04:00:00+02:00
GŁÓWNA (1),1,16,32/1,1/16/32/1,0.4945,Zarząd Dróg Miejskich   ,
GŁÓWNA (1),1,11,34/4,1/11/34/4,0.0113,"Szkoła Podstawowa nr 45 im.Okrętu Rzeczypospolitej Polskiej ""Poznań""   ",2017-12-08T02:00:00+01:00
GŁÓWNA (1),1,11,20/12,1/11/20/12,0.009,"Szkoła Podstawowa nr 45 im.Okrętu Rzeczypospolitej Polskiej ""Poznań""   ",
GŁÓWNA (1),1,11,20/13,1/11/20/13,0.1204,"Szkoła Podstawowa nr 45 im.Okrętu Rzeczypospolitej Polskiej ""Poznań""   ",
GŁÓWNA (1),1,11,20/15,1/11/20/15,0.0896,"Szkoła Podstawowa nr 45 im.Okrętu Rzeczypospolitej Polskiej ""Poznań""   ",2017-12-08T02:00:00+01:00
GŁÓWNA (1),1,11,20/17,1/11/20/17,0.019,"Szkoła Podstawowa nr 45 im.Okrętu Rzeczypospolitej Polskiej ""Poznań""   ",2017-12-08T02:00:00+01:00
GŁÓWNA (1),1,11,27/5,1/11/27/5,0.0119,"Szkoła Podstawowa nr 45 im.Okrętu Rzeczypospolitej Polskiej ""Poznań""   ",2017-12-08T02:00:00+01:00
GŁÓWNA (1),1,11,30/5,1/11/30/5,0.0116,"Szkoła Podstawowa nr 45 im.Okrętu Rzeczypospolitej Polskiej ""Poznań""   ",2017-12-08T02:00:00+01:00
GŁÓWNA (1),1,09,12/30,1/09/12/30,0.938,Zarząd Zieleni Miejskiej   ,2017-05-13T04:00:00+02:00
GŁÓWNA (1),1,16,16/4,1/16/16/4,0.0012,Zarząd Dróg Miejskich   ,
GŁÓWNA (1),1,33,4/11,1/33/4/11,0.8057,Zarząd Transportu Miejskiego w Poznaniu   ,
GŁÓWNA (1),1,11,34/2,1/11/34/2,0.2289,"Szkoła Podstawowa nr 45 im.Okrętu Rzeczypospolitej Polskiej ""Poznań""   ",
GŁÓWNA (1),1,12,2/14,1/12/2/14,0.3784,Przedszkole Nr 78   ,
GŁÓWNA (1),1,08,10/2,1/08/10/2,0.1434,Zarząd Zieleni Miejskiej   ,2017-05-13T04:00:00+02:00
GŁÓWNA (1),1,08,18/2,1/08/18/2,0.0065,Zarząd Zieleni Miejskiej   ,2017-05-13T04:00:00+02:00
GŁÓWNA (1),1,29,149/2,1/29/149/2,0.5256,Zarząd Zieleni Miejskiej   ,
GŁÓWNA (1),1,16,16/2,1/16/16/2,0.2585,Zarząd Dróg Miejskich   ,
GŁÓWNA (1),1,01,5/23,1/01/5/23,3.9957,Zarząd Dróg Miejskich   ,
GŁÓWNA (1),1,01,2/20,1/01/2/20,0.1129,Zarząd Dróg Miejskich   ,2016-08-19T04:00:00+02:00
GŁÓWNA (1),1,28,12,1/28/12,0.3714,Przedszkole nr 45   ,
GŁÓWNA (1),1,09,25,1/09/25,0.1338,Zarząd Zieleni Miejskiej   ,2017-05-13T04:00:00+02:00
GŁÓWNA (1),1,08,16/4,1/08/16/4,0.0248,Zarząd Zieleni Miejskiej   ,2017-05-13T04:00:00+02:00
GŁÓWNA (1),1,11,37/1,1/11/37/1,0.0241,"Szkoła Podstawowa nr 45 im.Okrętu Rzeczypospolitej Polskiej ""Poznań""   ",
GŁÓWNA (1),1,27,2/2,1/27/2/2,0.0526,Zespół Szkół Specjalnych nr 105 im. Juliana Tuwima   ,
GŁÓWNA (1),1,27,5/11,1/27/5/11,2.2497,Zespół Szkół Specjalnych nr 105 im. Juliana Tuwima   ,
GŁÓWNA (1),1,08,14/2,1/08/14/2,0.0007,Zarząd Zieleni Miejskiej   ,2017-05-13T04:00:00+02:00
GŁÓWNA (1),1,08,17,1/08/17,0.0068,Zarząd Zieleni Miejskiej   ,2017-05-13T04:00:00+02:00
GŁÓWNA (1),1,13,11/4,1/13/11/4,0.028,Zarząd Dróg Miejskich   ,
GŁÓWNA (1),1,01,5/16,1/01/5/16,0.0244,Zarząd Dróg Miejskich   ,
GŁÓWNA (1),1,09,8/7,1/09/8/7,1.0161,Zarząd Zieleni Miejskiej   ,2017-05-13T04:00:00+02:00
GŁOWIENIEC (2),2,23,1/10,2/23/1/10,0.1736,Przedszkole nr 4   ,
GŁOWIENIEC (2),2,23,86/4,2/23/86/4,0.7545,Zespół Szkolno-Przedszkolny Nr 7   ,2017-12-11T02:00:00+01:00
KOMANDORIA (3),3,06,1/5,3/06/1/5,0.8222,Zarząd Zieleni Miejskiej   ,
KOMANDORIA (3),3,06,1/7,3/06/1/7,14.9389,Zarząd Zieleni Miejskiej   ,
KOMANDORIA (3),3,07,1/57,3/07/1/57,0.1413,Zarząd Dróg Miejskich   ,
KOMANDORIA (3),3,07,1/58,3/07/1/58,0.2411,Zarząd Dróg Miejskich   ,
KOMANDORIA (3),3,07,1/54,3/07/1/54,0.1088,Zarząd Dróg Miejskich   ,
KOMANDORIA (3),3,07,1/56,3/07/1/56,0.1354,Zarząd Dróg Miejskich   ,
KOMANDORIA (3),3,07,1/55,3/07/1/55,0.4612,Zarząd Dróg Miejskich   ,
KOMANDORIA (3),3,08,5,3/08/5,0.0043,Zarząd Dróg Miejskich   ,
KOMANDORIA (3),3,11,46/2,3/11/46/2,0.0041,Zarząd Dróg Miejskich   ,
GŁOWIENIEC (2),2,36,24/3,2/36/24/3,69.5532,OGRÓD ZOOLOGICZNY w Poznaniu   ,
GŁOWIENIEC (2),2,27,6/3,2/27/6/3,0.07,Wielkopolski Zarząd Melioracji i Urządzeń Wodnych w Poznaniu   ,
GŁOWIENIEC (2),2,26,23/5,2/26/23/5,0.0297,Wielkopolski Zarząd Melioracji i Urządzeń Wodnych w Poznaniu   ,
GŁOWIENIEC (2),2,26,24/1,2/26/24/1,0.0586,Wielkopolski Zarząd Melioracji i Urządzeń Wodnych w Poznaniu   ,
GŁOWIENIEC (2),2,26,25/1,2/26/25/1,0.0591,Wielkopolski Zarząd Melioracji i Urządzeń Wodnych w Poznaniu   ,
GŁOWIENIEC (2),2,30,58,2/30/58,2.1544,Zarząd Zieleni Miejskiej   ,2016-08-25T04:00:00+02:00
GŁOWIENIEC (2),2,26,26/1,2/26/26/1,0.0084,Wielkopolski Zarząd Melioracji i Urządzeń Wodnych w Poznaniu   ,
KOMANDORIA (3),3,20,1/6,3/20/1/6,0.0519,Zarząd Dróg Miejskich   ,
KOMANDORIA (3),3,20,1/5,3/20/1/5,0.0583,Zarząd Dróg Miejskich   ,
KOMANDORIA (3),3,11,60/7,3/11/60/7,0.0015,Zarząd Dróg Miejskich   ,
KOMANDORIA (3),3,07,1/27,3/07/1/27,4.4141,Poznańskie Ośrodki Sportu i Rekreacji   ,
KOMANDORIA (3),3,05,9/8,3/05/9/8,0.0179,Zarząd Transportu Miejskiego w Poznaniu   ,
KOMANDORIA (3),3,11,35/2,3/11/35/2,0.0036,Zarząd Dróg Miejskich   ,
KOMANDORIA (3),3,11,56/3,3/11/56/3,2.9842,Poznańskie Ośrodki Sportu i Rekreacji   ,
KOMANDORIA (3),3,16,28/6,3/16/28/6,0.0074,Zarząd Dróg Miejskich   ,
KOMANDORIA (3),3,11,57/4,3/11/57/4,0.0028,Zarząd Dróg Miejskich   ,
KOMANDORIA (3),3,11,62/6,3/11/62/6,0.733,Zarząd Dróg Miejskich   ,
KOMANDORIA (3),3,11,35/4,3/11/35/4,0.0009,Zarząd Dróg Miejskich   ,
KOMANDORIA (3),3,11,32/9,3/11/32/9,0.0047,Zarząd Dróg Miejskich   ,
KOMANDORIA (3),3,11,14/4,3/11/14/4,0.0099,Zarząd Dróg Miejskich   ,
KOMANDORIA (3),3,11,12/1,3/11/12/1,0.0006,Zarząd Dróg Miejskich   ,
KOMANDORIA (3),3,21,3/5,3/21/3/5,0.0017,Zarząd Dróg Miejskich   ,
KOMANDORIA (3),3,11,57/3,3/11/57/3,2.2075,Poznańskie Ośrodki Sportu i Rekreacji   ,
KOMANDORIA (3),3,20,1/2,3/20/1/2,0.0002,Zarząd Dróg Miejskich   ,
KOMANDORIA (3),3,05,20/2,3/05/20/2,0.0253,Zarząd Dróg Miejskich   ,
KOMANDORIA (3),3,05,10/4,3/05/10/4,0.077,Zarząd Dróg Miejskich   ,
KOMANDORIA (3),3,06,1/3,3/06/1/3,0.6043,Zarząd Dróg Miejskich   ,
KOMANDORIA (3),3,07,1/49,3/07/1/49,5.0715,Zarząd Zieleni Miejskiej   ,
KOMANDORIA (3),3,07,1/48,3/07/1/48,0.303,Zarząd Dróg Miejskich   ,
KOMANDORIA (3),3,07,1/53,3/07/1/53,0.1689,Zarząd Dróg Miejskich   ,
KOMANDORIA (3),3,08,1/5,3/08/1/5,0.0075,Zarząd Dróg Miejskich   ,
KOMANDORIA (3),3,06,1/6,3/06/1/6,0.0036,Zarząd Zieleni Miejskiej   ,
KOMANDORIA (3),3,08,1/9,3/08/1/9,1.1316,Zarząd Dróg Miejskich   ,
KOMANDORIA (3),3,08,1/11,3/08/1/11,0.3176,Zarząd Dróg Miejskich   ,
KOMANDORIA (3),3,16,16/11,3/16/16/11,0.0199,Zarząd Dróg Miejskich   ,
KOMANDORIA (3),3,11,1/4,3/11/1/4,0.0256,Zarząd Dróg Miejskich   ,
KOMANDORIA (3),3,07,1/31,3/07/1/31,0.1931,Zarząd Dróg Miejskich   ,
KOMANDORIA (3),3,02,3/11,3/02/3/11,0.8704,Izba Administracji Skarbowej   ,
KOMANDORIA (3),3,21,1/23,3/21/1/23,0.0004,Zarząd Dróg Miejskich   ,
KOMANDORIA (3),3,05,18/4,3/05/18/4,0.0071,Zarząd Dróg Miejskich   ,
KOMANDORIA (3),3,16,28/5,3/16/28/5,0.0001,Zarząd Dróg Miejskich   ,
KOMANDORIA (3),3,05,9/10,3/05/9/10,0.1758,Zarząd Transportu Miejskiego w Poznaniu   ,
KOMANDORIA (3),3,15,78/2,3/15/78/2,0.0128,Zarząd Zieleni Miejskiej   ,
KOMANDORIA (3),3,05,9/13,3/05/9/13,0.0005,Zarząd Transportu Miejskiego w Poznaniu   ,
KOMANDORIA (3),3,11,15/1,3/11/15/1,0.0001,Zarząd Dróg Miejskich   ,
KOMANDORIA (3),3,11,14/3,3/11/14/3,0.0322,Zarząd Dróg Miejskich   ,
KOMANDORIA (3),3,15,61/4,3/15/61/4,0.3213,Zarząd Zieleni Miejskiej   ,
KOMANDORIA (3),3,04,10/135,3/04/10/135,0.2984,Zarząd Zieleni Miejskiej   ,
KOMANDORIA (3),3,04,10/137,3/04/10/137,0.3421,Zarząd Zieleni Miejskiej   ,
KOMANDORIA (3),3,11,8/6,3/11/8/6,0.0058,Zarząd Dróg Miejskich   ,
KOMANDORIA (3),3,08,6,3/08/6,0.0674,Zarząd Dróg Miejskich   ,
KOMANDORIA (3),3,08,2/4,3/08/2/4,0.3263,Zarząd Dróg Miejskich   ,
KOMANDORIA (3),3,16,19/5,3/16/19/5,1.7514,Zarząd Dróg Miejskich   ,
KOMANDORIA (3),3,16,3/4,3/16/3/4,0.1648,Zarząd Dróg Miejskich   ,
KOMANDORIA (3),3,16,12/5,3/16/12/5,0.178,Zarząd Dróg Miejskich   ,
KOMANDORIA (3),3,16,29/2,3/16/29/2,42.4807,OGRÓD ZOOLOGICZNY w Poznaniu   ,
KOMANDORIA (3),3,16,29/1,3/16/29/1,0.0906,Zarząd Dróg Miejskich   ,
KOMANDORIA (3),3,16,15/1,3/16/15/1,0.0456,Zarząd Dróg Miejskich   ,
KOMANDORIA (3),3,16,13/3,3/16/13/3,0.0176,Zarząd Dróg Miejskich   ,
KOMANDORIA (3),3,16,27/4,3/16/27/4,0.0966,Zarząd Dróg Miejskich   ,
KOMANDORIA (3),3,11,36/3,3/11/36/3,0.0718,Zarząd Dróg Miejskich   ,
KOMANDORIA (3),3,05,9/4,3/05/9/4,0.2907,Zarząd Transportu Miejskiego w Poznaniu   ,
KOMANDORIA (3),3,11,64,3/11/64,0.103,Zarząd Dróg Miejskich   ,
KOMANDORIA (3),3,20,3/2,3/20/3/2,0.0345,Zarząd Dróg Miejskich   ,
KOMANDORIA (3),3,07,1/38,3/07/1/38,0.1829,Zarząd Dróg Miejskich   ,
KOMANDORIA (3),3,07,1/39,3/07/1/39,0.1616,Zarząd Dróg Miejskich   ,
KOMANDORIA (3),3,11,15/3,3/11/15/3,0.0669,Zarząd Dróg Miejskich   ,
KOMANDORIA (3),3,11,63/7,3/11/63/7,0.0332,Zarząd Dróg Miejskich   ,
KOMANDORIA (3),3,11,8/11,3/11/8/11,0.1554,Zarząd Dróg Miejskich   ,
KOMANDORIA (3),3,07,1/32,3/07/1/32,0.0201,Zarząd Dróg Miejskich   ,
KOMANDORIA (3),3,05,9/9,3/05/9/9,0.0358,Zarząd Transportu Miejskiego w Poznaniu   ,
KOMANDORIA (3),3,04,10/8,3/04/10/8,0.7415,Zarząd Zieleni Miejskiej   ,
ŚRÓDKA (4),4,16,2/16,4/16/2/16,0.0362,Prezydent Miasta Poznania   ,
ŚRÓDKA (4),4,16,54,4/16/54,0.0341,Regionalny Zarząd Gospodarki Wodnej w Poznaniu   ,
ŚRÓDKA (4),4,15,8/2,4/15/8/2,0.0016,Zarząd Zieleni Miejskiej   ,
ŚRÓDKA (4),4,14,9/3,4/14/9/3,0.0093,Zarząd Transportu Miejskiego w Poznaniu   ,
ŚRÓDKA (4),4,14,9/2,4/14/9/2,0.0098,Zarząd Transportu Miejskiego w Poznaniu   ,
ŚRÓDKA (4),4,14,9/4,4/14/9/4,0.0299,Zarząd Transportu Miejskiego w Poznaniu   ,
ŚRÓDKA (4),4,14,20/5,4/14/20/5,0.0148,Zarząd Transportu Miejskiego w Poznaniu   ,
ŚRÓDKA (4),4,14,20/4,4/14/20/4,0.0233,Zarząd Transportu Miejskiego w Poznaniu   ,
ŚRÓDKA (4),4,18,6/4,4/18/6/4,1.4514,Zarząd Zieleni Miejskiej   ,
ŚRÓDKA (4),4,11,33/3,4/11/33/3,0.0251,Usługi Komunalne   ,
ŚRÓDKA (4),4,15,8/5,4/15/8/5,0.0007,Zarząd Zieleni Miejskiej   ,
ŚRÓDKA (4),4,15,11/1,4/15/11/1,0.0232,Zarząd Zieleni Miejskiej   ,
ŚRÓDKA (4),4,15,11/4,4/15/11/4,0.0011,Zarząd Zieleni Miejskiej   ,
ŚRÓDKA (4),4,14,7/4,4/14/7/4,0.0147,Zarząd Transportu Miejskiego w Poznaniu   ,
ŚRÓDKA (4),4,15,9/9,4/15/9/9,0.0859,Zarząd Zieleni Miejskiej   ,
ŚRÓDKA (4),4,13,35,4/13/35,0.2683,Generalna Dyrekcja Dróg Krajowych i Autostrad   ,
ŚRÓDKA (4),4,14,10/2,4/14/10/2,0.0456,Zarząd Transportu Miejskiego w Poznaniu   ,
ŚRÓDKA (4),4,16,64/3,4/16/64/3,0.0027,Regionalny Zarząd Gospodarki Wodnej w Poznaniu   ,
ŚRÓDKA (4),4,16,64/2,4/16/64/2,0.0159,Regionalny Zarząd Gospodarki Wodnej w Poznaniu   ,
ŚRÓDKA (4),4,16,64/1,4/16/64/1,0.0388,Regionalny Zarząd Gospodarki Wodnej w Poznaniu   ,
ŚRÓDKA (4),4,14,3/8,4/14/3/8,0.0261,Zarząd Transportu Miejskiego w Poznaniu   ,
ŚRÓDKA (4),4,12,1/4,4/12/1/4,0.2285,Poznańskie Ośrodki Sportu i Rekreacji   ,
ŚRÓDKA (4),4,12,1/5,4/12/1/5,0.5944,Poznańskie Ośrodki Sportu i Rekreacji   ,
ŚRÓDKA (4),4,12,4/10,4/12/4/10,2.1243,Poznańskie Ośrodki Sportu i Rekreacji   ,
ŚRÓDKA (4),4,12,2/2,4/12/2/2,0.0485,Poznańskie Ośrodki Sportu i Rekreacji   ,
ŚRÓDKA (4),4,11,31/3,4/11/31/3,0.0506,Zarząd Zieleni Miejskiej   ,2016-11-15T02:00:00+01:00
ŚRÓDKA (4),4,13,4/470,4/13/4/470,0.2753,Zarząd Transportu Miejskiego w Poznaniu   ,
ŚRÓDKA (4),4,13,4/469,4/13/4/469,0.028,Zarząd Transportu Miejskiego w Poznaniu   ,
ŚRÓDKA (4),4,13,4/471,4/13/4/471,0.1119,Zarząd Transportu Miejskiego w Poznaniu   ,
ŚRÓDKA (4),4,14,4/7,4/14/4/7,0.0225,Zarząd Transportu Miejskiego w Poznaniu   ,
ŚRÓDKA (4),4,13,4/468,4/13/4/468,1.67,Dom Pomocy Społecznej w Poznaniu   ,
ŚRÓDKA (4),4,13,30/10,4/13/30/10,0.0532,Dom Pomocy Społecznej w Poznaniu   ,
ŚRÓDKA (4),4,15,2/5,4/15/2/5,0.0062,Zarząd Zieleni Miejskiej   ,
ŚRÓDKA (4),4,15,30/2,4/15/30/2,0.0177,Zarząd Zieleni Miejskiej   ,
ŚRÓDKA (4),4,15,29/6,4/15/29/6,0.0047,Zarząd Zieleni Miejskiej   ,
ŚRÓDKA (4),4,15,29/7,4/15/29/7,0.0303,Zarząd Zieleni Miejskiej   ,
ŚRÓDKA (4),4,05,28/2,4/05/28/2,0.4035,Przedszkole nr 82   ,
ŚRÓDKA (4),4,14,2/2,4/14/2/2,0.0217,Zarząd Transportu Miejskiego w Poznaniu   ,
ŚRÓDKA (4),4,13,4/20,4/13/4/20,0.1649,Generalna Dyrekcja Dróg Krajowych i Autostrad   ,
ŚRÓDKA (4),4,14,7/5,4/14/7/5,0.018,Zarząd Transportu Miejskiego w Poznaniu   ,
ŚRÓDKA (4),4,14,5/10,4/14/5/10,0.1555,Zarząd Transportu Miejskiego w Poznaniu   ,
ŚRÓDKA (4),4,15,32,4/15/32,0.0682,Zarząd Zieleni Miejskiej   ,
ŚRÓDKA (4),4,13,4/394,4/13/4/394,1.348,Szkoła Podstawowa nr 85   ,
ŚRÓDKA (4),4,12,61/1,4/12/61/1,0.0335,Poznańska Ogólnokształcąca Szkoła Muzyczna I stopnia Nr 2 im.Tadeusza Szeligowskiego   ,2016-09-01T04:00:00+02:00
ŚRÓDKA (4),4,12,61/1,4/12/61/1,0.0335,Poznańska Ogólnokształcąca Szkoła Muzyczna I stopnia Nr 2 im.Tadeusza Szeligowskiego   ,
ŚRÓDKA (4),4,12,62/5,4/12/62/5,0.4096,Poznańska Ogólnokształcąca Szkoła Muzyczna I stopnia Nr 2 im.Tadeusza Szeligowskiego   ,2016-09-01T04:00:00+02:00
ŚRÓDKA (4),4,12,62/5,4/12/62/5,0.4096,Poznańska Ogólnokształcąca Szkoła Muzyczna I stopnia Nr 2 im.Tadeusza Szeligowskiego   ,
ŚRÓDKA (4),4,14,6/6,4/14/6/6,0.0644,Zarząd Transportu Miejskiego w Poznaniu   ,
ŚRÓDKA (4),4,15,9/2,4/15/9/2,0.0104,Zarząd Zieleni Miejskiej   ,
ŚRÓDKA (4),4,15,9/1,4/15/9/1,0.0132,Zarząd Zieleni Miejskiej   ,
ŚRÓDKA (4),4,15,8/4,4/15/8/4,0.0168,Zarząd Zieleni Miejskiej   ,
ŚRÓDKA (4),4,15,12/2,4/15/12/2,0.045,Zarząd Zieleni Miejskiej   ,
ŚRÓDKA (4),4,15,31/2,4/15/31/2,0.0274,Zarząd Zieleni Miejskiej   ,
ŚRÓDKA (4),4,16,58,4/16/58,0.0749,Regionalny Zarząd Gospodarki Wodnej w Poznaniu   ,
ŚRÓDKA (4),4,14,4/8,4/14/4/8,0.0387,Zarząd Transportu Miejskiego w Poznaniu   ,
ŚRÓDKA (4),4,14,5/11,4/14/5/11,0.0469,Zarząd Transportu Miejskiego w Poznaniu   ,
ŚRÓDKA (4),4,14,7/6,4/14/7/6,0.0207,Zarząd Transportu Miejskiego w Poznaniu   ,
ŚRÓDKA (4),4,15,33,4/15/33,0.0164,Zarząd Zieleni Miejskiej   ,
ŚRÓDKA (4),4,15,35,4/15/35,0.0101,Zarząd Zieleni Miejskiej   ,
ŚRÓDKA (4),4,15,37/21,4/15/37/21,0.1133,Zarząd Zieleni Miejskiej   ,
ŚRÓDKA (4),4,15,34,4/15/34,0.0246,Zarząd Zieleni Miejskiej   ,
RATAJE (5),5,05,136/28,5/05/136/28,0.0542,Zarząd Zieleni Miejskiej   ,
RATAJE (5),5,03,102/5,5/03/102/5,0.1925,Zarząd Transportu Miejskiego w Poznaniu   ,
ŚRÓDKA (4),4,16,82/1,4/16/82/1,0.0261,Regionalny Zarząd Gospodarki Wodnej w Poznaniu   ,
ŚRÓDKA (4),4,16,56,4/16/56,0.088,Regionalny Zarząd Gospodarki Wodnej w Poznaniu   ,
ŚRÓDKA (4),4,16,61,4/16/61,0.0499,Regionalny Zarząd Gospodarki Wodnej w Poznaniu   ,
ŚRÓDKA (4),4,15,10,4/15/10,0.007,Zarząd Zieleni Miejskiej   ,
ŚRÓDKA (4),4,13,31/3,4/13/31/3,0.0007,Zarząd Transportu Miejskiego w Poznaniu   ,
ŚRÓDKA (4),4,14,5/6,4/14/5/6,0.0105,Zarząd Transportu Miejskiego w Poznaniu   ,
ŚRÓDKA (4),4,14,10/1,4/14/10/1,0.0062,Zarząd Transportu Miejskiego w Poznaniu   ,
ŚRÓDKA (4),4,14,5/4,4/14/5/4,0.0275,Zarząd Transportu Miejskiego w Poznaniu   ,
ŚRÓDKA (4),4,14,6/4,4/14/6/4,0.0326,Zarząd Transportu Miejskiego w Poznaniu   ,
ŚRÓDKA (4),4,14,3/7,4/14/3/7,0.0472,Zarząd Transportu Miejskiego w Poznaniu   ,
ŚRÓDKA (4),4,14,6/5,4/14/6/5,0.1791,Zarząd Transportu Miejskiego w Poznaniu   ,
RATAJE (5),5,10,42/36,5/10/42/36,0.876,Szkoła Podstawowa nr 3 im. Bolesława Krzywoustego   ,
RATAJE (5),5,08,11/2,5/08/11/2,0.303,"Przedszkole nr 10 ""Bolka, Lolka i Toli""   ",
RATAJE (5),5,03,97/1,5/03/97/1,0.0427,Zarząd Transportu Miejskiego w Poznaniu   ,
RATAJE (5),5,03,101,5/03/101,0.0509,Zarząd Transportu Miejskiego w Poznaniu   ,
RATAJE (5),5,05,136/26,5/05/136/26,0.0219,Zarząd Zieleni Miejskiej   ,
RATAJE (5),5,11,8/3,5/11/8/3,0.1422,Zarząd Zieleni Miejskiej   ,
RATAJE (5),5,11,8/1,5/11/8/1,0.0071,Zarząd Zieleni Miejskiej   ,
RATAJE (5),5,14,1/37,5/14/1/37,0.0199,Zarząd Zieleni Miejskiej   ,
RATAJE (5),5,14,1/38,5/14/1/38,0.9387,Zespół Szkół Ogólnokształcących nr 8   ,
RATAJE (5),5,07,8/7,5/07/8/7,0.1379,Zarząd Zieleni Miejskiej   ,
RATAJE (5),5,04,37/2,5/04/37/2,0.0341,Zarząd Zieleni Miejskiej   ,
RATAJE (5),5,04,58/20,5/04/58/20,0.0178,Zarząd Zieleni Miejskiej   ,
RATAJE (5),5,04,58/24,5/04/58/24,1.1846,Zarząd Zieleni Miejskiej   ,
RATAJE (5),5,04,58/27,5/04/58/27,2.0645,Zarząd Zieleni Miejskiej   ,
RATAJE (5),5,10,42/39,5/10/42/39,0.02,Zarząd Zieleni Miejskiej   ,
RATAJE (5),5,10,42/45,5/10/42/45,0.071,Zarząd Zieleni Miejskiej   ,
RATAJE (5),5,10,42/42,5/10/42/42,0.2588,Zarząd Zieleni Miejskiej   ,
RATAJE (5),5,10,42/44,5/10/42/44,0.8056,Zarząd Zieleni Miejskiej   ,
RATAJE (5),5,11,10/8,5/11/10/8,1.1031,Zarząd Zieleni Miejskiej   ,
RATAJE (5),5,11,10/10,5/11/10/10,6.3818,Zarząd Zieleni Miejskiej   ,
RATAJE (5),5,11,7/3,5/11/7/3,0.0601,Zarząd Zieleni Miejskiej   ,
RATAJE (5),5,16,1/33,5/16/1/33,0.0062,Poznańskie Ośrodki Sportu i Rekreacji   ,
RATAJE (5),5,16,1/32,5/16/1/32,0.0232,Poznańskie Ośrodki Sportu i Rekreacji   ,
RATAJE (5),5,16,1/30,5/16/1/30,0.049,Zarząd Zieleni Miejskiej   ,2016-10-22T04:00:00+02:00
RATAJE (5),5,16,1/31,5/16/1/31,0.5309,Zarząd Zieleni Miejskiej   ,2016-10-22T04:00:00+02:00
RATAJE (5),5,16,10/2,5/16/10/2,0.095,Poznańskie Ośrodki Sportu i Rekreacji   ,
RATAJE (5),5,16,10/1,5/16/10/1,3.4991,Poznańskie Ośrodki Sportu i Rekreacji   ,
RATAJE (5),5,03,139/42,5/03/139/42,0.1918,Zarząd Transportu Miejskiego w Poznaniu   ,
RATAJE (5),5,05,118/2,5/05/118/2,0.0156,Zarząd Transportu Miejskiego w Poznaniu   ,
RATAJE (5),5,02,66/4,5/02/66/4,0.0632,Zarząd Transportu Miejskiego w Poznaniu   ,
RATAJE (5),5,16,5/5,5/16/5/5,0.0009,ZESPÓŁ SZKÓŁ SAMOCHODOWYCH IM. INŻ. TADEUSZA TAŃSKIEGO   ,
RATAJE (5),5,16,5/6,5/16/5/6,0.0046,ZESPÓŁ SZKÓŁ SAMOCHODOWYCH IM. INŻ. TADEUSZA TAŃSKIEGO   ,
RATAJE (5),5,14,1/48,5/14/1/48,0.2606,Zarząd Zieleni Miejskiej   ,
RATAJE (5),5,14,1/50,5/14/1/50,0.007,Zarząd Zieleni Miejskiej   ,
RATAJE (5),5,14,1/52,5/14/1/52,1.6678,Zarząd Zieleni Miejskiej   ,
RATAJE (5),5,16,3/37,5/16/3/37,0.1353,Dom Pomocy Społecznej w Poznaniu   ,
RATAJE (5),5,16,3/38,5/16/3/38,1.0807,ZESPÓŁ SZKÓŁ SAMOCHODOWYCH IM. INŻ. TADEUSZA TAŃSKIEGO   ,
RATAJE (5),5,16,3/39,5/16/3/39,0.1353,ZESPÓŁ SZKÓŁ SAMOCHODOWYCH IM. INŻ. TADEUSZA TAŃSKIEGO   ,
RATAJE (5),5,16,3/40,5/16/3/40,1.023,Dom Pomocy Społecznej w Poznaniu   ,
RATAJE (5),5,05,136/22,5/05/136/22,0.0724,Zarząd Zieleni Miejskiej   ,
RATAJE (5),5,03,138/1,5/03/138/1,0.0153,Zarząd Transportu Miejskiego w Poznaniu   ,
RATAJE (5),5,13,6/31,5/13/6/31,0.6268,Zespół Szkół Ogólnokształcących nr 8   ,
RATAJE (5),5,21,15,5/21/15,0.119,Zarząd Zieleni Miejskiej   ,
RATAJE (5),5,06,9/2,5/06/9/2,0.1689,"Przedszkole nr 10 ""Bolka, Lolka i Toli""   ",
RATAJE (5),5,12,43/164,5/12/43/164,0.2589,Zarząd Zieleni Miejskiej   ,
RATAJE (5),5,03,74/4,5/03/74/4,0.0703,Zarząd Transportu Miejskiego w Poznaniu   ,
RATAJE (5),5,12,43/122,5/12/43/122,0.475,Przedszkole nr 117  im. Czecha   ,
RATAJE (5),5,21,14,5/21/14,0.1572,Zarząd Zieleni Miejskiej   ,
RATAJE (5),5,16,4/1,5/16/4/1,0.2488,ZESPÓŁ SZKÓŁ SAMOCHODOWYCH IM. INŻ. TADEUSZA TAŃSKIEGO   ,
RATAJE (5),5,11,10/3,5/11/10/3,0.0045,Zarząd Zieleni Miejskiej   ,
RATAJE (5),5,16,1/25,5/16/1/25,0.575,Zarząd Zieleni Miejskiej   ,
RATAJE (5),5,12,43/136,5/12/43/136,0.7374,XIV Liceum Ogólnokształcące im.Kazimierza Wielkiego   ,
RATAJE (5),5,15,3/2,5/15/3/2,0.1096,XIV Liceum Ogólnokształcące im.Kazimierza Wielkiego   ,2016-01-14T02:00:00+01:00
RATAJE (5),5,13,6/26,5/13/6/26,0.1944,Zespół Szkół Ogólnokształcących nr 8   ,
RATAJE (5),5,04,13/1,5/04/13/1,0.0004,Zarząd Zieleni Miejskiej   ,
RATAJE (5),5,04,13/3,5/04/13/3,0.0007,Zarząd Zieleni Miejskiej   ,
RATAJE (5),5,04,15/3,5/04/15/3,0.0767,Zarząd Zieleni Miejskiej   ,
RATAJE (5),5,14,1/39,5/14/1/39,0.1153,Zespół Szkół Ogólnokształcących nr 8   ,
RATAJE (5),5,05,1/1,5/05/1/1,0.0415,Zarząd Transportu Miejskiego w Poznaniu   ,
RATAJE (5),5,05,10/1,5/05/10/1,0.0029,Zarząd Transportu Miejskiego w Poznaniu   ,
RATAJE (5),5,03,132/3,5/03/132/3,0.0038,Zarząd Transportu Miejskiego w Poznaniu   ,
RATAJE (5),5,14,1/21,5/14/1/21,0.0368,Zespół Szkół Ogólnokształcących nr 8   ,
RATAJE (5),5,20,1/11,5/20/1/11,0.0167,Zarząd Transportu Miejskiego w Poznaniu   ,
RATAJE (5),5,20,1/13,5/20/1/13,0.0966,Zarząd Transportu Miejskiego w Poznaniu   ,
RATAJE (5),5,09,3/15,5/09/3/15,0.1941,Zarząd Zieleni Miejskiej   ,2016-03-24T02:00:00+01:00
RATAJE (5),5,03,139/2,5/03/139/2,0.1949,Szkoła Podstawowa nr 3 im. Bolesława Krzywoustego   ,
RATAJE (5),5,10,42/12,5/10/42/12,0.3728,Poznańskie Ośrodki Sportu i Rekreacji   ,
RATAJE (5),5,10,42/3,5/10/42/3,0.4848,"Przedszkole nr 119 im.""LECHA""   ",
RATAJE (5),5,14,1/2,5/14/1/2,0.1334,"Przedszkole nr 130 ""Bajkowy Świat""   ",
RATAJE (5),5,13,6/9,5/13/6/9,0.3737,"Przedszkole nr 130 ""Bajkowy Świat""   ",
RATAJE (5),5,03,100,5/03/100,0.0816,Zarząd Transportu Miejskiego w Poznaniu   ,
RATAJE (5),5,11,10/4,5/11/10/4,0.1575,Zarząd Zieleni Miejskiej   ,
RATAJE (5),5,04,58/8,5/04/58/8,0.3046,Komenda Wojewódzka Policji w Poznaniu   ,
RATAJE (5),5,13,6/8,5/13/6/8,0.473,"Przedszkole nr 113 ""Mali Sportowcy""   ",
RATAJE (5),5,21,16,5/21/16,0.0132,Zarząd Zieleni Miejskiej   ,
RATAJE (5),5,14,1/16,5/14/1/16,0.011,Zarząd Zieleni Miejskiej   ,
RATAJE (5),5,15,1/7,5/15/1/7,2.4409,Zarząd Zieleni Miejskiej   ,
RATAJE (5),5,15,1/8,5/15/1/8,1.3976,Poznańskie Ośrodki Sportu i Rekreacji   ,
RATAJE (5),5,15,2/4,5/15/2/4,0.229,XIV Liceum Ogólnokształcące im.Kazimierza Wielkiego   ,2016-01-14T02:00:00+01:00
RATAJE (5),5,05,51/2,5/05/51/2,0.1097,"Przedszkole nr 9 ""Zbyszko i Jagienka""   ",
RATAJE (5),5,21,31/5,5/21/31/5,1.0079,Zarząd Zieleni Miejskiej   ,
RATAJE (5),5,08,6/8,5/08/6/8,0.0006,Zarząd Zieleni Miejskiej   ,2017-04-25T04:00:00+02:00
RATAJE (5),5,05,40/2,5/05/40/2,0.0789,"Przedszkole nr 9 ""Zbyszko i Jagienka""   ",
RATAJE (5),5,10,42/2,5/10/42/2,0.031,Zarząd Zieleni Miejskiej   ,
RATAJE (5),5,14,1/15,5/14/1/15,0.002,Zespół Szkół Ogólnokształcących nr 8   ,
RATAJE (5),5,14,1/14,5/14/1/14,0.0073,Zarząd Zieleni Miejskiej   ,2016-03-24T02:00:00+01:00
RATAJE (5),5,21,17/2,5/21/17/2,0.1773,Zarząd Zieleni Miejskiej   ,
RATAJE (5),5,01,52/1,5/01/52/1,0.1567,Komenda Wojewódzka Policji w Poznaniu   ,2018-12-06T02:00:00+01:00
RATAJE (5),5,04,58/14,5/04/58/14,0.2243,Zarząd Zieleni Miejskiej   ,
RATAJE (5),5,08,6/10,5/08/6/10,0.0029,Zarząd Zieleni Miejskiej   ,2016-03-24T02:00:00+01:00
RATAJE (5),5,04,58/3,5/04/58/3,0.3377,Przedszkole nr 126 im.Rusa   ,
ZEGRZE (6),6,01,35/8,6/01/35/8,0.1839,Zarząd Transportu Miejskiego w Poznaniu   ,
ZEGRZE (6),6,01,20/28,6/01/20/28,0.0881,Zarząd Transportu Miejskiego w Poznaniu   ,
ZEGRZE (6),6,01,20/27,6/01/20/27,0.109,Zarząd Transportu Miejskiego w Poznaniu   ,
ZEGRZE (6),6,01,24/9,6/01/24/9,0.0862,Zarząd Transportu Miejskiego w Poznaniu   ,
ZEGRZE (6),6,01,25/14,6/01/25/14,0.0734,Zarząd Transportu Miejskiego w Poznaniu   ,
RATAJE (5),5,12,43/118,5/12/43/118,0.0863,Zarząd Zieleni Miejskiej   ,
RATAJE (5),5,13,6/28,5/13/6/28,0.0017,Zespół Szkół Ogólnokształcących nr 8   ,
RATAJE (5),5,03,69/1,5/03/69/1,0.0767,Zarząd Transportu Miejskiego w Poznaniu   ,
RATAJE (5),5,14,1/12,5/14/1/12,0.3851,Poznański Zespół Żłobków   ,
RATAJE (5),5,03,139/3,5/03/139/3,0.1608,Przedszkole nr 126 im.Rusa   ,
RATAJE (5),5,03,139/13,5/03/139/13,0.1996,Zarząd Zieleni Miejskiej   ,
RATAJE (5),5,10,42/4,5/10/42/4,0.4015,Szkoła Podstawowa nr 14 im. Władysława Łokietka   ,2017-12-13T02:00:00+01:00
RATAJE (5),5,12,43/166,5/12/43/166,0.0013,Zarząd Zieleni Miejskiej   ,
RATAJE (5),5,05,52/1,5/05/52/1,0.2255,"Przedszkole nr 9 ""Zbyszko i Jagienka""   ",
RATAJE (5),5,05,58/1,5/05/58/1,0.0818,"Przedszkole nr 9 ""Zbyszko i Jagienka""   ",
RATAJE (5),5,16,6/1,5/16/6/1,0.0383,ZESPÓŁ SZKÓŁ SAMOCHODOWYCH IM. INŻ. TADEUSZA TAŃSKIEGO   ,
RATAJE (5),5,05,56/3,5/05/56/3,1.2646,Szkoła Podstawowa nr 19 im. Stanisława Staszica   ,
RATAJE (5),5,09,3/6,5/09/3/6,1.6463,Szkoła Podstawowa nr 2 z Oddziałami Dwujęzycznymi im.Szarych Szeregów   ,2018-01-14T02:00:00+01:00
RATAJE (5),5,20,9/1,5/20/9/1,0.1566,Zarząd Transportu Miejskiego w Poznaniu   ,
RATAJE (5),5,03,132/1,5/03/132/1,0.0042,Zarząd Transportu Miejskiego w Poznaniu   ,
RATAJE (5),5,12,43/127,5/12/43/127,0.7892,Szkoła Podstawowa nr 14 im. Władysława Łokietka   ,
RATAJE (5),5,08,6/11,5/08/6/11,0.3606,Zarząd Zieleni Miejskiej   ,2016-03-24T02:00:00+01:00
RATAJE (5),5,16,3/30,5/16/3/30,1.0094,ZESPÓŁ SZKÓŁ SAMOCHODOWYCH IM. INŻ. TADEUSZA TAŃSKIEGO   ,
RATAJE (5),5,20,23,5/20/23,0.8742,Regionalny Zarząd Gospodarki Wodnej w Poznaniu   ,
RATAJE (5),5,03,98,5/03/98,0.0878,Zarząd Transportu Miejskiego w Poznaniu   ,
RATAJE (5),5,03,99,5/03/99,0.0855,Zarząd Transportu Miejskiego w Poznaniu   ,
RATAJE (5),5,13,6/6,5/13/6/6,1.1332,Szkoła Podstawowa nr 20 im. Stefana Batorego   ,
RATAJE (5),5,04,58/1,5/04/58/1,0.0341,Szkoła Podstawowa nr 3 im. Bolesława Krzywoustego   ,
RATAJE (5),5,08,6/9,5/08/6/9,0.0043,Zarząd Zieleni Miejskiej   ,2017-04-25T04:00:00+02:00
ZEGRZE (6),6,06,33/2,6/06/33/2,0.0119,Zarząd Zieleni Miejskiej   ,2016-04-07T04:00:00+02:00
ZEGRZE (6),6,01,35/4,6/01/35/4,0.0464,Zarząd Transportu Miejskiego w Poznaniu   ,
ZEGRZE (6),6,03,5/1,6/03/5/1,0.0791,Przedszkole nr 6 im. Polne Kwiatki   ,
ZEGRZE (6),6,13,42/7,6/13/42/7,0.0963,Okręgowy Ośrodek Wychowawczy   ,
ZEGRZE (6),6,13,16/6,6/13/16/6,0.0012,Okręgowy Ośrodek Wychowawczy   ,
ZEGRZE (6),6,13,16/7,6/13/16/7,0.343,Okręgowy Ośrodek Wychowawczy   ,
ZEGRZE (6),6,13,15/7,6/13/15/7,0.0015,Okręgowy Ośrodek Wychowawczy   ,
ZEGRZE (6),6,13,15/6,6/13/15/6,0.0481,Okręgowy Ośrodek Wychowawczy   ,
ZEGRZE (6),6,13,15/8,6/13/15/8,1.222,Okręgowy Ośrodek Wychowawczy   ,
ZEGRZE (6),6,05,44/26,6/05/44/26,0.697,Zarząd Zieleni Miejskiej   ,
ZEGRZE (6),6,02,15/13,6/02/15/13,0.2656,Przedszkole nr 6 im. Polne Kwiatki   ,
ZEGRZE (6),6,02,18/7,6/02/18/7,0.0429,Przedszkole nr 6 im. Polne Kwiatki   ,
ZEGRZE (6),6,03,3/24,6/03/3/24,0.1204,Przedszkole nr 6 im. Polne Kwiatki   ,
ZEGRZE (6),6,10,1/82,6/10/1/82,0.0053,Zarząd Zieleni Miejskiej   ,2016-04-07T04:00:00+02:00
ZEGRZE (6),6,13,10/4,6/13/10/4,0.7036,Okręgowy Ośrodek Wychowawczy   ,
ZEGRZE (6),6,13,9/5,6/13/9/5,0.2291,Okręgowy Ośrodek Wychowawczy   ,
ZEGRZE (6),6,13,14/4,6/13/14/4,0.0333,Okręgowy Ośrodek Wychowawczy   ,
ZEGRZE (6),6,13,34/4,6/13/34/4,0.0663,Okręgowy Ośrodek Wychowawczy   ,
ZEGRZE (6),6,26,14/14,6/26/14/14,0.0331,Zarząd Dróg Miejskich   ,
ZEGRZE (6),6,10,1/37,6/10/1/37,0.0113,Zarząd Zieleni Miejskiej   ,
ZEGRZE (6),6,10,19/2,6/10/19/2,0.2294,Zarząd Zieleni Miejskiej   ,
ZEGRZE (6),6,03,9/4,6/03/9/4,0.0217,Zarząd Transportu Miejskiego w Poznaniu   ,
ZEGRZE (6),6,06,35/4,6/06/35/4,0.6273,Zarząd Zieleni Miejskiej   ,2016-04-07T04:00:00+02:00
ZEGRZE (6),6,24,12/3,6/24/12/3,0.0016,Zarząd Dróg Miejskich   ,
ZEGRZE (6),6,10,1/5,6/10/1/5,0.399,"Przedszkole nr 124 ""Wesoła Ludwiczka""   ",
ZEGRZE (6),6,06,35/3,6/06/35/3,0.0974,Zarząd Zieleni Miejskiej   ,2016-04-07T04:00:00+02:00
ZEGRZE (6),6,33,11/1,6/33/11/1,0.1062,Przedszkole nr 21 Akademia Pana Kleksa   ,
ZEGRZE (6),6,06,47,6/06/47,0.1662,Zarząd Zieleni Miejskiej   ,2016-04-07T04:00:00+02:00
ZEGRZE (6),6,02,15/3,6/02/15/3,0.4356,Szkoła Podstawowa nr 51 im. Bronisława Szwarca w Poznaniu   ,
ZEGRZE (6),6,26,4/8,6/26/4/8,0.1653,Zarząd Dróg Miejskich   ,
ZEGRZE (6),6,26,4/3,6/26/4/3,0.0025,Zarząd Dróg Miejskich   ,
ZEGRZE (6),6,10,13/19,6/10/13/19,0.0083,Zarząd Zieleni Miejskiej   ,2016-04-07T04:00:00+02:00
ZEGRZE (6),6,10,1/83,6/10/1/83,0.645,Zarząd Zieleni Miejskiej   ,2016-04-07T04:00:00+02:00
ZEGRZE (6),6,24,10/18,6/24/10/18,0.0355,Zarząd Dróg Miejskich   ,
RATAJE (5),5,11,10/2,5/11/10/2,0.0068,Zarząd Zieleni Miejskiej   ,
RATAJE (5),5,11,10/5,5/11/10/5,0.1826,Zarząd Zieleni Miejskiej   ,
ZEGRZE (6),6,06,39/1,6/06/39/1,0.124,Zarząd Zieleni Miejskiej   ,2016-04-07T04:00:00+02:00
ZEGRZE (6),6,06,39/2,6/06/39/2,0.3775,Zarząd Zieleni Miejskiej   ,2016-04-07T04:00:00+02:00
ZEGRZE (6),6,02,17/22,6/02/17/22,1.059,Zarząd Zieleni Miejskiej   ,
ZEGRZE (6),6,10,1/90,6/10/1/90,0.0053,"Przedszkole nr 124 ""Wesoła Ludwiczka""   ",2019-05-09T04:00:00+02:00
GŁÓWNA (1),1,11,23/6,1/11/23/6,0.0215,"Szkoła Podstawowa nr 45 im.Okrętu Rzeczypospolitej Polskiej ""Poznań""   ",2017-12-08T02:00:00+01:00
GŁÓWNA (1),1,16,15/6,1/16/15/6,0.0034,Zarząd Dróg Miejskich   ,
GŁÓWNA (1),1,16,15/7,1/16/15/7,0.1235,Zarząd Dróg Miejskich   ,
GŁÓWNA (1),1,08,15/2,1/08/15/2,0.0177,Zarząd Zieleni Miejskiej   ,2017-05-13T04:00:00+02:00
GŁÓWNA (1),1,27,8/9,1/27/8/9,0.0861,Szkoła Podstawowa nr 46 im. Marii Dąbrowskiej   ,
CHARTOWO (7),7,13,3/30,7/13/3/30,0.0278,Zespół Szkół Ogólnakształcących nr 4 im. ks. prof. Józefa Tischnera   ,
CHARTOWO (7),7,13,3/31,7/13/3/31,0.0969,Zespół Szkół Ogólnakształcących nr 4 im. ks. prof. Józefa Tischnera   ,
CHARTOWO (7),7,13,3/33,7/13/3/33,0.9826,Zespół Szkół Ogólnakształcących nr 4 im. ks. prof. Józefa Tischnera   ,
CHARTOWO (7),7,13,3/32,7/13/3/32,1.993,Zespół Szkół Ogólnakształcących nr 4 im. ks. prof. Józefa Tischnera   ,
KOBYLEPOLE (8),8,09,17/12,8/09/17/12,0.0137,Szkoła Podstawowa nr 55 im.Jurija Gagarina   ,
KOBYLEPOLE (8),8,09,17/11,8/09/17/11,0.6276,Szkoła Podstawowa nr 55 im.Jurija Gagarina   ,
ZEGRZE (6),6,33,11/2,6/33/11/2,0.3753,Przedszkole nr 21 Akademia Pana Kleksa   ,
ZEGRZE (6),6,35,9,6/35/9,0.0032,Zespół Szkolno-Przedszkolny nr 19   ,
ZEGRZE (6),6,03,8/1,6/03/8/1,0.0176,Zarząd Transportu Miejskiego w Poznaniu   ,
ZEGRZE (6),6,10,6/2,6/10/6/2,0.0041,Zarząd Zieleni Miejskiej   ,
ZEGRZE (6),6,10,19/3,6/10/19/3,0.2457,Zarząd Zieleni Miejskiej   ,
CHARTOWO (7),7,06,64/1,7/06/64/1,0.0164,Zarząd Transportu Miejskiego w Poznaniu   ,
CHARTOWO (7),7,06,64/2,7/06/64/2,0.0607,Zarząd Zieleni Miejskiej   ,2017-03-09T02:00:00+01:00
CHARTOWO (7),7,06,62,7/06/62,0.0302,Zarząd Zieleni Miejskiej   ,2017-03-09T02:00:00+01:00
CHARTOWO (7),7,09,8/9,7/09/8/9,0.0808,Wojewódzki Inspektorat Farmaceutyczny   ,
CHARTOWO (7),7,09,8/9,7/09/8/9,0.0808,Wojewódzki Inspektorat Transportu Drogowego   ,
CHARTOWO (7),7,11,1/5,7/11/1/5,0.0753,Zarząd Transportu Miejskiego w Poznaniu   ,
CHARTOWO (7),7,11,15/1,7/11/15/1,0.0006,Zarząd Transportu Miejskiego w Poznaniu   ,
CHARTOWO (7),7,11,10/1,7/11/10/1,0.0198,Zarząd Transportu Miejskiego w Poznaniu   ,
CHARTOWO (7),7,06,59/3,7/06/59/3,0.0454,Zarząd Transportu Miejskiego w Poznaniu   ,
CHARTOWO (7),7,11,9,7/11/9,0.0234,Zarząd Transportu Miejskiego w Poznaniu   ,
CHARTOWO (7),7,06,54/1,7/06/54/1,0.2069,Zarząd Transportu Miejskiego w Poznaniu   ,
KOBYLEPOLE (8),8,41,1/15,8/41/1/15,0.4817,Przedszkole nr 93 im. Hanny Zdzitowieckiej   ,
KOBYLEPOLE (8),8,11,5,8/11/5,0.4838,"Przedszkole Nr 68 ""Kolorowy Świat""   ",
KOBYLEPOLE (8),8,02,2/32,8/02/2/32,0.0326,Zarząd Transportu Miejskiego w Poznaniu   ,
KOBYLEPOLE (8),8,02,2/33,8/02/2/33,0.2071,Zarząd Transportu Miejskiego w Poznaniu   ,
KOBYLEPOLE (8),8,14,4/12,8/14/4/12,0.7503,Wielkopolskie Samorządowe Centrum Kształcenia Zawodowego i Ustawicznego nr 2   ,
KOBYLEPOLE (8),8,01,3/4,8/01/3/4,0.492,Zarząd Transportu Miejskiego w Poznaniu   ,
KOBYLEPOLE (8),8,02,2/17,8/02/2/17,0.406,Powiatowy Ośrodek Dokumentacji Geodezyjnej i Kartograficznej   ,
KOBYLEPOLE (8),8,02,2/15,8/02/2/15,0.1481,Zarząd Transportu Miejskiego w Poznaniu   ,
SPŁAWIE (9),9,29,4/27,9/29/4/27,0.08,Zarząd Dróg Miejskich   ,
SPŁAWIE (9),9,30,2/34,9/30/2/34,0.0069,Generalna Dyrekcja Dróg Krajowych i Autostrad   ,
CHARTOWO (7),7,11,7/29,7/11/7/29,0.0302,Zarząd Transportu Miejskiego w Poznaniu   ,
CHARTOWO (7),7,14,3/26,7/14/3/26,2.857,Zarząd Zieleni Miejskiej   ,
CHARTOWO (7),7,09,8/11,7/09/8/11,0.1233,Wojewódzki Inspektorat Transportu Drogowego   ,
CHARTOWO (7),7,14,1/25,7/14/1/25,0.1445,Zarząd Zieleni Miejskiej   ,
CHARTOWO (7),7,14,1/24,7/14/1/24,0.2319,Zarząd Zieleni Miejskiej   ,
CHARTOWO (7),7,11,7/52,7/11/7/52,0.0486,Zarząd Transportu Miejskiego w Poznaniu   ,
ZEGRZE (6),6,26,11/4,6/26/11/4,0.0035,Zarząd Dróg Miejskich   ,
ZEGRZE (6),6,26,2/7,6/26/2/7,0.0024,Zarząd Dróg Miejskich   ,
ZEGRZE (6),6,26,26,6/26/26,0.0561,Zarząd Dróg Miejskich   ,
ZEGRZE (6),6,03,10/1,6/03/10/1,0.525,Zarząd Transportu Miejskiego w Poznaniu   ,
ZEGRZE (6),6,11,10/4,6/11/10/4,0.0543,Szkoła Podstawowa nr 18 im. Zofii Nałkowskiej   ,
ZEGRZE (6),6,33,4/3,6/33/4/3,1.0568,Szkoła Podstawowa Nr 64 im.Marii Konopnickiej   ,
ZEGRZE (6),6,05,26/8,6/05/26/8,0.1351,Zarząd Zieleni Miejskiej   ,
ZEGRZE (6),6,06,33/1,6/06/33/1,0.2622,Zarząd Zieleni Miejskiej   ,2016-04-07T04:00:00+02:00
ZEGRZE (6),6,05,11/2,6/05/11/2,0.046,Zarząd Zieleni Miejskiej   ,
ZEGRZE (6),6,02,8/5,6/02/8/5,0.4545,Przedszkole nr 53 im. Koszałka Opałka   ,
ZEGRZE (6),6,01,20/4,6/01/20/4,0.0878,Zarząd Transportu Miejskiego w Poznaniu   ,
ZEGRZE (6),6,11,12/5,6/11/12/5,0.0826,Szkoła Podstawowa nr 18 im. Zofii Nałkowskiej   ,
ZEGRZE (6),6,05,10/2,6/05/10/2,0.0436,Zarząd Zieleni Miejskiej   ,
CHARTOWO (7),7,06,6/1,7/06/6/1,0.0003,"Przedszkole nr 160 ""Biały Orzeł""   ",
CHARTOWO (7),7,11,7/25,7/11/7/25,0.0735,Zarząd Zieleni Miejskiej   ,
CHARTOWO (7),7,11,7/23,7/11/7/23,0.1301,Zarząd Zieleni Miejskiej   ,
CHARTOWO (7),7,06,54/4,7/06/54/4,0.0661,Zarząd Zieleni Miejskiej   ,2017-03-09T02:00:00+01:00
CHARTOWO (7),7,06,57/2,7/06/57/2,0.0604,Liceum Ogólnokształcące Mistrzostwa Sportowego im. Poznańskich Olimpijczyków   ,
CHARTOWO (7),7,10,3/9,7/10/3/9,0.4445,Zarząd Transportu Miejskiego w Poznaniu   ,
CHARTOWO (7),7,10,6/12,7/10/6/12,0.1124,Zarząd Transportu Miejskiego w Poznaniu   ,
CHARTOWO (7),7,06,5/1,7/06/5/1,0.1739,"Przedszkole nr 160 ""Biały Orzeł""   ",
ZEGRZE (6),6,01,25/6,6/01/25/6,0.0106,Zarząd Transportu Miejskiego w Poznaniu   ,
ZEGRZE (6),6,01,24/4,6/01/24/4,0.0124,Zarząd Transportu Miejskiego w Poznaniu   ,
ZEGRZE (6),6,03,6/4,6/03/6/4,0.0334,Przedszkole nr 6 im. Polne Kwiatki   ,
ZEGRZE (6),6,06,37,6/06/37,0.2416,Zarząd Zieleni Miejskiej   ,
ZEGRZE (6),6,01,2/9,6/01/2/9,0.45,Zarząd Zieleni Miejskiej   ,
ZEGRZE (6),6,05,44/7,6/05/44/7,0.4417,Zarząd Zieleni Miejskiej   ,
ZEGRZE (6),6,01,4/3,6/01/4/3,0.6472,Zarząd Zieleni Miejskiej   ,
CHARTOWO (7),7,06,4/5,7/06/4/5,0.1747,"Przedszkole nr 160 ""Biały Orzeł""   ",
CHARTOWO (7),7,06,60,7/06/60,0.0844,Zarząd Zieleni Miejskiej   ,2017-03-09T02:00:00+01:00
SPŁAWIE (9),9,30,2/1,9/30/2/1,0.0009,Zarząd Dróg Miejskich   ,
SPŁAWIE (9),9,29,4/11,9/29/4/11,0.0227,Zarząd Dróg Miejskich   ,
SPŁAWIE (9),9,30,2/10,9/30/2/10,0.0051,Zarząd Dróg Miejskich   ,
CHARTOWO (7),7,06,47,7/06/47,0.1377,Zarząd Zieleni Miejskiej   ,2017-03-09T02:00:00+01:00
CHARTOWO (7),7,11,7/31,7/11/7/31,0.2969,Zarząd Transportu Miejskiego w Poznaniu   ,
CHARTOWO (7),7,06,49,7/06/49,0.188,Zarząd Zieleni Miejskiej   ,2017-03-09T02:00:00+01:00
CHARTOWO (7),7,06,58/2,7/06/58/2,0.0949,Zarząd Zieleni Miejskiej   ,2017-03-09T02:00:00+01:00
KOBYLEPOLE (8),8,14,4/8,8/14/4/8,0.0035,Wielkopolskie Samorządowe Centrum Kształcenia Zawodowego i Ustawicznego nr 2   ,
KOBYLEPOLE (8),8,14,5/9,8/14/5/9,0.0191,Wielkopolskie Samorządowe Centrum Kształcenia Zawodowego i Ustawicznego nr 2   ,
ZEGRZE (6),6,11,5/5,6/11/5/5,0.0649,Zarząd Zieleni Miejskiej   ,
ZEGRZE (6),6,10,20/2,6/10/20/2,0.5699,Zarząd Zieleni Miejskiej   ,2016-04-07T04:00:00+02:00
SPŁAWIE (9),9,32,4/2,9/32/4/2,0.6111,Generalna Dyrekcja Dróg Krajowych i Autostrad   ,
SPŁAWIE (9),9,32,20/6,9/32/20/6,0.1055,Generalna Dyrekcja Dróg Krajowych i Autostrad   ,
KOBYLEPOLE (8),8,02,2/1,8/02/2/1,0.0538,Zarząd Transportu Miejskiego w Poznaniu   ,
KOBYLEPOLE (8),8,14,5/12,8/14/5/12,0.0055,Wielkopolskie Samorządowe Centrum Kształcenia Zawodowego i Ustawicznego nr 2   ,
KOBYLEPOLE (8),8,01,3/5,8/01/3/5,0.0264,Zarząd Transportu Miejskiego w Poznaniu   ,
CHARTOWO (7),7,06,40,7/06/40,0.0985,Zarząd Zieleni Miejskiej   ,2017-03-09T02:00:00+01:00
CHARTOWO (7),7,06,3/2,7/06/3/2,0.4569,Liceum Ogólnokształcące Mistrzostwa Sportowego im. Poznańskich Olimpijczyków   ,
KOBYLEPOLE (8),8,01,3/14,8/01/3/14,0.0044,Zarząd Transportu Miejskiego w Poznaniu   ,
KOBYLEPOLE (8),8,01,3/15,8/01/3/15,0.0083,Zarząd Transportu Miejskiego w Poznaniu   ,
KOBYLEPOLE (8),8,01,3/16,8/01/3/16,0.011,Zarząd Transportu Miejskiego w Poznaniu   ,
KOBYLEPOLE (8),8,01,3/17,8/01/3/17,0.8858,Zarząd Transportu Miejskiego w Poznaniu   ,
KOBYLEPOLE (8),8,01,3/18,8/01/3/18,0.2285,Zarząd Transportu Miejskiego w Poznaniu   ,
KOBYLEPOLE (8),8,01,3/19,8/01/3/19,0.3726,Zarząd Transportu Miejskiego w Poznaniu   ,
KOBYLEPOLE (8),8,02,2/24,8/02/2/24,0.0285,Zarząd Transportu Miejskiego w Poznaniu   ,
KOBYLEPOLE (8),8,02,2/28,8/02/2/28,0.0183,Zarząd Transportu Miejskiego w Poznaniu   ,
KOBYLEPOLE (8),8,02,2/29,8/02/2/29,0.5063,Zarząd Transportu Miejskiego w Poznaniu   ,
KOBYLEPOLE (8),8,02,2/31,8/02/2/31,0.0725,Zarząd Transportu Miejskiego w Poznaniu   ,
KOBYLEPOLE (8),8,02,2/30,8/02/2/30,0.0729,Zarząd Transportu Miejskiego w Poznaniu   ,
KOBYLEPOLE (8),8,02,2/26,8/02/2/26,0.0799,Zarząd Transportu Miejskiego w Poznaniu   ,
KOBYLEPOLE (8),8,02,2/36,8/02/2/36,0.0198,Zarząd Transportu Miejskiego w Poznaniu   ,
KOBYLEPOLE (8),8,02,2/35,8/02/2/35,0.0204,Zarząd Transportu Miejskiego w Poznaniu   ,
ZEGRZE (6),6,05,15/7,6/05/15/7,0.2914,Zarząd Zieleni Miejskiej   ,
ZEGRZE (6),6,02,10/3,6/02/10/3,0.0569,Przedszkole nr 53 im. Koszałka Opałka   ,
ZEGRZE (6),6,01,20/3,6/01/20/3,0.1347,Zarząd Transportu Miejskiego w Poznaniu   ,
CHARTOWO (7),7,11,7/63,7/11/7/63,0.0124,Zarząd Zieleni Miejskiej   ,
CHARTOWO (7),7,11,7/62,7/11/7/62,0.0041,Zarząd Zieleni Miejskiej   ,
CHARTOWO (7),7,11,7/60,7/11/7/60,0.0152,Zarząd Zieleni Miejskiej   ,
CHARTOWO (7),7,10,2/9,7/10/2/9,0.0164,Zarząd Transportu Miejskiego w Poznaniu   ,
CHARTOWO (7),7,10,6/14,7/10/6/14,0.0136,Zarząd Transportu Miejskiego w Poznaniu   ,
SPŁAWIE (9),9,18,23,9/18/23,0.1234,Zarząd Dróg Miejskich   ,
ZEGRZE (6),6,06,32/1,6/06/32/1,0.3436,Zarząd Zieleni Miejskiej   ,2020-03-07T02:00:00+01:00
ZEGRZE (6),6,11,5/4,6/11/5/4,0.0241,Zarząd Zieleni Miejskiej   ,
ZEGRZE (6),6,05,13/2,6/05/13/2,0.3546,Zarząd Zieleni Miejskiej   ,
ZEGRZE (6),6,06,36/2,6/06/36/2,0.5791,Zarząd Zieleni Miejskiej   ,2016-04-07T04:00:00+02:00
ZEGRZE (6),6,01,8/3,6/01/8/3,0.1613,Zarząd Zieleni Miejskiej   ,
KOBYLEPOLE (8),8,01,3/20,8/01/3/20,0.1646,Zarząd Transportu Miejskiego w Poznaniu   ,
KOBYLEPOLE (8),8,01,3/21,8/01/3/21,0.8524,Zarząd Transportu Miejskiego w Poznaniu   ,
KOBYLEPOLE (8),8,01,4/11,8/01/4/11,0.0235,Zarząd Transportu Miejskiego w Poznaniu   ,
KOBYLEPOLE (8),8,01,4/9,8/01/4/9,0.0318,Zarząd Transportu Miejskiego w Poznaniu   ,
KOBYLEPOLE (8),8,01,4/10,8/01/4/10,0.3129,Zarząd Transportu Miejskiego w Poznaniu   ,
CHARTOWO (7),7,06,55/1,7/06/55/1,0.0007,Zarząd Transportu Miejskiego w Poznaniu   ,
CHARTOWO (7),7,06,61,7/06/61,0.0087,Zarząd Zieleni Miejskiej   ,2017-03-09T02:00:00+01:00
CHARTOWO (7),7,06,22/1,7/06/22/1,0.5294,Liceum Ogólnokształcące Mistrzostwa Sportowego im. Poznańskich Olimpijczyków   ,
CHARTOWO (7),7,06,24/4,7/06/24/4,0.0116,"Przedszkole nr 160 ""Biały Orzeł""   ",
CHARTOWO (7),7,06,34/4,7/06/34/4,0.172,Zarząd Zieleni Miejskiej   ,2017-03-09T02:00:00+01:00
CHARTOWO (7),7,06,41,7/06/41,0.1427,Zarząd Zieleni Miejskiej   ,2017-03-09T02:00:00+01:00
CHARTOWO (7),7,06,33/6,7/06/33/6,0.1579,Zarząd Zieleni Miejskiej   ,2017-03-09T02:00:00+01:00
CHARTOWO (7),7,08,4/3,7/08/4/3,0.3196,Poradnia Psychologiczno-Pedagogiczna nr 8 Poznań Chartowo   ,2022-07-28T04:00:00+02:00
CHARTOWO (7),7,08,4/3,7/08/4/3,0.3196,Szkoła Podstawowa nr 6 im. Hipolita Cegielskiego z Oddziałami Integracyjnymi   ,2022-07-28T04:00:00+02:00
CHARTOWO (7),7,06,56/6,7/06/56/6,0.0609,"Przedszkole nr 160 ""Biały Orzeł""   ",
CHARTOWO (7),7,06,30,7/06/30,0.2678,Zarząd Zieleni Miejskiej   ,2017-03-09T02:00:00+01:00
CHARTOWO (7),7,06,39,7/06/39,0.1285,Zarząd Zieleni Miejskiej   ,2017-03-09T02:00:00+01:00
KOBYLEPOLE (8),8,02,2/23,8/02/2/23,1.4391,Zarząd Transportu Miejskiego w Poznaniu   ,
ZEGRZE (6),6,33,15,6/33/15,0.059,Szkoła Podstawowa Nr 64 im.Marii Konopnickiej   ,
ZEGRZE (6),6,02,16/3,6/02/16/3,0.071,Prezydent Miasta Poznania   ,
ZEGRZE (6),6,11,5/10,6/11/5/10,0.1993,Szkoła Podstawowa nr 18 im. Zofii Nałkowskiej   ,
ZEGRZE (6),6,10,1/24,6/10/1/24,0.1898,Zarząd Zieleni Miejskiej   ,2016-04-07T04:00:00+02:00
ZEGRZE (6),6,34,4,6/34/4,0.4643,"Przedszkole nr 178  Kwiaty Polskie """"   ",
ZEGRZE (6),6,26,28,6/26/28,0.4208,Zarząd Dróg Miejskich   ,
CHARTOWO (7),7,06,44,7/06/44,0.2951,Zarząd Zieleni Miejskiej   ,2017-03-09T02:00:00+01:00
CHARTOWO (7),7,06,51,7/06/51,0.1756,Zarząd Zieleni Miejskiej   ,2017-03-09T02:00:00+01:00
CHARTOWO (7),7,06,53/2,7/06/53/2,0.1973,Zarząd Zieleni Miejskiej   ,2017-03-09T02:00:00+01:00
CHARTOWO (7),7,06,38,7/06/38,0.1999,Zarząd Zieleni Miejskiej   ,2017-03-09T02:00:00+01:00
CHARTOWO (7),7,11,7/4,7/11/7/4,0.0249,Zarząd Zieleni Miejskiej   ,
CHARTOWO (7),7,10,3/6,7/10/3/6,0.5591,"Przedszkole nr 150 ""Baśniowy Dom""   ",
CHARTOWO (7),7,06,50,7/06/50,0.2863,Zarząd Zieleni Miejskiej   ,2017-03-09T02:00:00+01:00
ZEGRZE (6),6,06,45/4,6/06/45/4,0.1108,Zarząd Zieleni Miejskiej   ,2016-04-07T04:00:00+02:00
CHARTOWO (7),7,06,43,7/06/43,0.1114,Zarząd Zieleni Miejskiej   ,2017-03-09T02:00:00+01:00
CHARTOWO (7),7,06,4/1,7/06/4/1,0.0019,Liceum Ogólnokształcące Mistrzostwa Sportowego   ,2018-04-18T04:00:00+02:00
CHARTOWO (7),7,08,1/2,7/08/1/2,0.0943,Poradnia Psychologiczno-Pedagogiczna nr 8 Poznań Chartowo   ,
CHARTOWO (7),7,08,1/2,7/08/1/2,0.0943,Szkoła Podstawowa nr 6 im. Hipolita Cegielskiego z Oddziałami Integracyjnymi   ,
CHARTOWO (7),7,09,7/14,7/09/7/14,0.3881,Wojewódzki Inspektorat Farmaceutyczny   ,
CHARTOWO (7),7,09,7/14,7/09/7/14,0.3881,Wojewódzki Inspektorat Transportu Drogowego   ,
CHARTOWO (7),7,06,37,7/06/37,0.2337,Zarząd Zieleni Miejskiej   ,2017-03-09T02:00:00+01:00
CHARTOWO (7),7,06,24/3,7/06/24/3,0.0497,Liceum Ogólnokształcące Mistrzostwa Sportowego im. Poznańskich Olimpijczyków   ,
CHARTOWO (7),7,06,53/1,7/06/53/1,0.0621,Zarząd Transportu Miejskiego w Poznaniu   ,
CHARTOWO (7),7,06,55/2,7/06/55/2,0.2501,Zarząd Transportu Miejskiego w Poznaniu   ,
CHARTOWO (7),7,13,3/12,7/13/3/12,0.6824,"Przedszkole Nr 144 Wesoła Gromada""""   ",
CHARTOWO (7),7,13,3/7,7/13/3/7,0.3742,Poznański Zespół Żłobków   ,
SPŁAWIE (9),9,29,4/15,9/29/4/15,0.0513,Zarząd Dróg Miejskich   ,
SPŁAWIE (9),9,22,39/2,9/22/39/2,0.2409,Generalna Dyrekcja Dróg Krajowych i Autostrad   ,
SPŁAWIE (9),9,22,40/4,9/22/40/4,0.2196,Generalna Dyrekcja Dróg Krajowych i Autostrad   ,
SPŁAWIE (9),9,30,2/28,9/30/2/28,0.0649,Generalna Dyrekcja Dróg Krajowych i Autostrad   ,
SPŁAWIE (9),9,31,3/1,9/31/3/1,0.8158,Generalna Dyrekcja Dróg Krajowych i Autostrad   ,
SPŁAWIE (9),9,22,41/6,9/22/41/6,0.002,Generalna Dyrekcja Dróg Krajowych i Autostrad   ,
SPŁAWIE (9),9,30,2/16,9/30/2/16,0.0088,Generalna Dyrekcja Dróg Krajowych i Autostrad   ,
SPŁAWIE (9),9,32,2/2,9/32/2/2,0.3195,Generalna Dyrekcja Dróg Krajowych i Autostrad   ,
SPŁAWIE (9),9,22,40/1,9/22/40/1,0.0098,Generalna Dyrekcja Dróg Krajowych i Autostrad   ,
SPŁAWIE (9),9,32,6/1,9/32/6/1,2.1188,Generalna Dyrekcja Dróg Krajowych i Autostrad   ,
CHARTOWO (7),7,13,3/8,7/13/3/8,0.4141,"Przedszkole nr 73 ""Zielony Gaik""   ",
CHARTOWO (7),7,10,1/6,7/10/1/6,0.1694,Zarząd Transportu Miejskiego w Poznaniu   ,
CHARTOWO (7),7,11,4,7/11/4,0.3165,Zarząd Zieleni Miejskiej   ,
CHARTOWO (7),7,06,21/1,7/06/21/1,0.3397,Liceum Ogólnokształcące Mistrzostwa Sportowego   ,2018-04-18T04:00:00+02:00
CHARTOWO (7),7,06,31,7/06/31,0.2879,Zarząd Zieleni Miejskiej   ,2017-03-09T02:00:00+01:00
CHARTOWO (7),7,06,32/2,7/06/32/2,0.2971,Zarząd Zieleni Miejskiej   ,2017-03-09T02:00:00+01:00
CHARTOWO (7),7,06,45,7/06/45,0.2287,Zarząd Zieleni Miejskiej   ,2017-03-09T02:00:00+01:00
CHARTOWO (7),7,06,46,7/06/46,0.0566,Zarząd Zieleni Miejskiej   ,2017-03-09T02:00:00+01:00
CHARTOWO (7),7,06,52,7/06/52,0.1256,Zarząd Zieleni Miejskiej   ,2017-03-09T02:00:00+01:00
CHARTOWO (7),7,11,12,7/11/12,0.0542,Zarząd Zieleni Miejskiej   ,
CHARTOWO (7),7,14,3/21,7/14/3/21,0.3213,Zarząd Transportu Miejskiego w Poznaniu   ,2019-06-26T04:00:00+02:00
CHARTOWO (7),7,06,23/2,7/06/23/2,0.2592,Liceum Ogólnokształcące Mistrzostwa Sportowego im. Poznańskich Olimpijczyków   ,
ZEGRZE (6),6,36,4/1,6/36/4/1,0.0171,Zarząd Zieleni Miejskiej   ,2016-04-07T04:00:00+02:00
ZEGRZE (6),6,01,5/2,6/01/5/2,0.9221,Zarząd Zieleni Miejskiej   ,
ZEGRZE (6),6,14,21/2,6/14/21/2,0.4926,Zarząd Zieleni Miejskiej   ,
ZEGRZE (6),6,01,2/10,6/01/2/10,0.5721,Zarząd Zieleni Miejskiej   ,
SPŁAWIE (9),9,31,2,9/31/2,3.2944,Generalna Dyrekcja Dróg Krajowych i Autostrad   ,
SPŁAWIE (9),9,24,40/3,9/24/40/3,0.0013,Zarząd Dróg Miejskich   ,
KOBYLEPOLE (8),8,24,4/1,8/24/4/1,0.0139,Ośrodek dla Bezdomnych nr 1   ,
CHARTOWO (7),7,11,7/53,7/11/7/53,0.1116,Zarząd Transportu Miejskiego w Poznaniu   ,2017-11-06T02:00:00+01:00
CHARTOWO (7),7,14,1/34,7/14/1/34,0.1123,Zarząd Zieleni Miejskiej   ,2020-07-16T04:00:00+02:00
CHARTOWO (7),7,14,1/36,7/14/1/36,0.0406,Zarząd Zieleni Miejskiej   ,2020-07-16T04:00:00+02:00
CHARTOWO (7),7,14,3/18,7/14/3/18,0.1322,Zarząd Zieleni Miejskiej   ,
KOBYLEPOLE (8),8,02,2/21,8/02/2/21,0.1197,Zarząd Transportu Miejskiego w Poznaniu   ,
ZEGRZE (6),6,31,1,6/31/1,0.5028,"Przedszkole nr 114 ""Pinokio""   ",
ZEGRZE (6),6,06,34,6/06/34,0.6837,Zarząd Zieleni Miejskiej   ,2016-04-07T04:00:00+02:00
ZEGRZE (6),6,09,4/7,6/09/4/7,0.3144,Zarząd Zieleni Miejskiej   ,
ZEGRZE (6),6,03,9/3,6/03/9/3,0.1784,Zarząd Transportu Miejskiego w Poznaniu   ,
CHARTOWO (7),7,06,48,7/06/48,0.2536,Zarząd Zieleni Miejskiej   ,2017-03-09T02:00:00+01:00
SPŁAWIE (9),9,18,15/16,9/18/15/16,0.0011,Zarząd Dróg Miejskich   ,
ZEGRZE (6),6,28,2/3,6/28/2/3,0.0455,Zarząd Dróg Miejskich   ,
ZEGRZE (6),6,24,11/4,6/24/11/4,0.0179,Zarząd Dróg Miejskich   ,
ZEGRZE (6),6,26,4/10,6/26/4/10,0.2445,Zarząd Dróg Miejskich   ,
ZEGRZE (6),6,26,25,6/26/25,0.177,Zarząd Dróg Miejskich   ,
ZEGRZE (6),6,09,2/3,6/09/2/3,0.0025,Szkoła Podstawowa nr 18 im. Zofii Nałkowskiej   ,
ZEGRZE (6),6,06,36/3,6/06/36/3,0.2042,Zarząd Zieleni Miejskiej   ,2016-04-07T04:00:00+02:00
ZEGRZE (6),6,05,22/4,6/05/22/4,0.0594,Zarząd Zieleni Miejskiej   ,
ZEGRZE (6),6,02,17/1,6/02/17/1,0.557,Zarząd Transportu Miejskiego w Poznaniu   ,
ZEGRZE (6),6,05,32/4,6/05/32/4,0.0212,Zarząd Zieleni Miejskiej   ,
ZEGRZE (6),6,26,14/10,6/26/14/10,0.0406,Zarząd Dróg Miejskich   ,
ZEGRZE (6),6,24,17,6/24/17,0.0652,Zarząd Dróg Miejskich   ,
ZEGRZE (6),6,26,12/6,6/26/12/6,0.0021,Zarząd Dróg Miejskich   ,
ZEGRZE (6),6,26,4/4,6/26/4/4,0.0109,Zarząd Dróg Miejskich   ,
ZEGRZE (6),6,03,4/1,6/03/4/1,0.1827,Przedszkole nr 6 im. Polne Kwiatki   ,
KOBYLEPOLE (8),8,24,1/1,8/24/1/1,0.258,Ośrodek dla Bezdomnych nr 1   ,
CHARTOWO (7),7,10,2/5,7/10/2/5,0.5085,Zarząd Transportu Miejskiego w Poznaniu   ,
CHARTOWO (7),7,11,7/32,7/11/7/32,0.1667,Zarząd Transportu Miejskiego w Poznaniu   ,
CHARTOWO (7),7,11,7/48,7/11/7/48,0.0056,Zarząd Transportu Miejskiego w Poznaniu   ,
CHARTOWO (7),7,15,2/14,7/15/2/14,0.0179,Zarząd Transportu Miejskiego w Poznaniu   ,
KOBYLEPOLE (8),8,41,1/22,8/41/1/22,0.0308,Przedszkole nr 93 im. Hanny Zdzitowieckiej   ,2017-09-15T04:00:00+02:00
KOBYLEPOLE (8),8,41,1/23,8/41/1/23,1.3124,Szkoła Podstawowa nr 61 im.Komisji Edukacji Narodowej   ,2017-11-11T02:00:00+01:00
ZEGRZE (6),6,35,2,6/35/2,2.5491,Zespół Szkolno-Przedszkolny nr 19   ,
ZEGRZE (6),6,05,22/6,6/05/22/6,0.0564,Zarząd Zieleni Miejskiej   ,
CHARTOWO (7),7,08,3/8,7/08/3/8,3.2796,Poradnia Psychologiczno-Pedagogiczna nr 8 Poznań Chartowo   ,2022-07-28T04:00:00+02:00
CHARTOWO (7),7,08,3/8,7/08/3/8,3.2796,Szkoła Podstawowa nr 6 im. Hipolita Cegielskiego z Oddziałami Integracyjnymi   ,2022-07-28T04:00:00+02:00
CHARTOWO (7),7,12,4/2,7/12/4/2,0.0524,Prezydent Miasta Poznania   ,
CHARTOWO (7),7,11,7/26,7/11/7/26,0.1459,Zarząd Zieleni Miejskiej   ,
CHARTOWO (7),7,11,7/24,7/11/7/24,0.0467,Zarząd Zieleni Miejskiej   ,
CHARTOWO (7),7,11,7/22,7/11/7/22,0.0182,Zarząd Zieleni Miejskiej   ,
CHARTOWO (7),7,11,7/21,7/11/7/21,0.0783,Zarząd Zieleni Miejskiej   ,
CHARTOWO (7),7,11,7/20,7/11/7/20,0.0363,Zarząd Zieleni Miejskiej   ,
CHARTOWO (7),7,08,2/4,7/08/2/4,0.0172,Zarząd Zieleni Miejskiej   ,
CHARTOWO (7),7,08,2/6,7/08/2/6,0.0421,Zarząd Zieleni Miejskiej   ,
CHARTOWO (7),7,08,2/5,7/08/2/5,0.0033,Zarząd Zieleni Miejskiej   ,
CHARTOWO (7),7,15,2/12,7/15/2/12,1.0259,Zarząd Zieleni Miejskiej   ,
ZEGRZE (6),6,10,1/10,6/10/1/10,0.0428,Zarząd Zieleni Miejskiej   ,
ZEGRZE (6),6,10,18,6/10/18,0.1206,Zarząd Zieleni Miejskiej   ,2020-03-07T02:00:00+01:00
ZEGRZE (6),6,11,1/18,6/11/1/18,1.2975,Szkoła Podstawowa nr 18 im. Zofii Nałkowskiej   ,
ZEGRZE (6),6,24,10/9,6/24/10/9,0.1468,Zarząd Dróg Miejskich   ,
ZEGRZE (6),6,24,10/35,6/24/10/35,0.0826,Zarząd Dróg Miejskich   ,
CHARTOWO (7),7,06,35/1,7/06/35/1,0.0177,Zarząd Zieleni Miejskiej   ,
CHARTOWO (7),7,06,25/1,7/06/25/1,0.1496,"Przedszkole nr 160 ""Biały Orzeł""   ",
CHARTOWO (7),7,06,54/3,7/06/54/3,0.0194,Zarząd Transportu Miejskiego w Poznaniu   ,
CHARTOWO (7),7,14,3/6,7/14/3/6,0.7917,Zarząd Zieleni Miejskiej   ,
CHARTOWO (7),7,11,7/30,7/11/7/30,0.2429,Zarząd Transportu Miejskiego w Poznaniu   ,
CHARTOWO (7),7,06,20/2,7/06/20/2,0.0005,Liceum Ogólnokształcące Mistrzostwa Sportowego   ,2018-04-18T04:00:00+02:00
CHARTOWO (7),7,06,27/9,7/06/27/9,0.0251,"Przedszkole nr 160 ""Biały Orzeł""   ",
CHARTOWO (7),7,06,56/4,7/06/56/4,0.0837,Liceum Ogólnokształcące Mistrzostwa Sportowego im. Poznańskich Olimpijczyków   ,
CHARTOWO (7),7,11,11/2,7/11/11/2,0.1537,Zarząd Zieleni Miejskiej   ,
CHARTOWO (7),7,06,63/5,7/06/63/5,0.003,Zarząd Zieleni Miejskiej   ,2017-03-09T02:00:00+01:00
CHARTOWO (7),7,06,63/4,7/06/63/4,0.0034,Zarząd Zieleni Miejskiej   ,2017-03-09T02:00:00+01:00
CHARTOWO (7),7,06,63/3,7/06/63/3,0.0117,Zarząd Zieleni Miejskiej   ,2017-03-09T02:00:00+01:00
KOBYLEPOLE (8),8,11,1/5,8/11/1/5,0.9235,Szkoła Podstawowa nr 55 im.Jurija Gagarina   ,
ZEGRZE (6),6,28,4/3,6/28/4/3,0.0628,Zarząd Dróg Miejskich   ,
ZEGRZE (6),6,24,12/6,6/24/12/6,0.006,Zarząd Dróg Miejskich   ,
ZEGRZE (6),6,24,11/18,6/24/11/18,0.3117,Zarząd Dróg Miejskich   ,
ZEGRZE (6),6,25,5/9,6/25/5/9,0.0117,Zarząd Dróg Miejskich   ,
ZEGRZE (6),6,03,10/3,6/03/10/3,0.5685,Zarząd Zieleni Miejskiej   ,
ZEGRZE (6),6,09,6/1,6/09/6/1,0.0284,Zarząd Zieleni Miejskiej   ,
ZEGRZE (6),6,09,5/9,6/09/5/9,0.9954,Zarząd Zieleni Miejskiej   ,
CHARTOWO (7),7,06,29/4,7/06/29/4,0.4282,Zarząd Zieleni Miejskiej   ,
CHARTOWO (7),7,06,26/7,7/06/26/7,0.1578,Zarząd Zieleni Miejskiej   ,
CHARTOWO (7),7,06,27/22,7/06/27/22,0.1014,Zarząd Zieleni Miejskiej   ,
CHARTOWO (7),7,11,7/50,7/11/7/50,0.0154,Zarząd Transportu Miejskiego w Poznaniu   ,
CHARTOWO (7),7,11,7/45,7/11/7/45,0.0515,Zarząd Transportu Miejskiego w Poznaniu   ,
CHARTOWO (7),7,11,7/46,7/11/7/46,0.3043,Zarząd Transportu Miejskiego w Poznaniu   ,2016-06-21T04:00:00+02:00
CHARTOWO (7),7,14,3/15,7/14/3/15,0.351,Zarząd Zieleni Miejskiej   ,
CHARTOWO (7),7,09,7/16,7/09/7/16,0.1441,Wojewódzki Inspektorat Transportu Drogowego   ,
ZEGRZE (6),6,34,3,6/34/3,0.5555,"Przedszkole nr 20 Śmiałka Umiałka"" w Poznaniu""   ",
ZEGRZE (6),6,03,11/1,6/03/11/1,0.0167,Zarząd Transportu Miejskiego w Poznaniu   ,
ZEGRZE (6),6,06,38,6/06/38,0.9645,Zarząd Zieleni Miejskiej   ,
ZEGRZE (6),6,02,16/4,6/02/16/4,1.7669,Szkoła Podstawowa nr 51 im. Bronisława Szwarca w Poznaniu   ,
CHARTOWO (7),7,11,1/9,7/11/1/9,0.0063,Zarząd Transportu Miejskiego w Poznaniu   ,
ZEGRZE (6),6,06,44/1,6/06/44/1,0.1472,Zarząd Zieleni Miejskiej   ,2016-04-07T04:00:00+02:00
ZEGRZE (6),6,05,21/4,6/05/21/4,0.0296,Zarząd Zieleni Miejskiej   ,
ZEGRZE (6),6,24,12/2,6/24/12/2,0.0011,Zarząd Dróg Miejskich   ,
ZEGRZE (6),6,26,12/7,6/26/12/7,0.0178,Zarząd Dróg Miejskich   ,
ZEGRZE (6),6,25,6/4,6/25/6/4,0.0027,Zarząd Dróg Miejskich   ,
ZEGRZE (6),6,02,21/1,6/02/21/1,0.0349,Zarząd Transportu Miejskiego w Poznaniu   ,
GOLĘCIN (20),20,25,15/74,20/25/15/74,0.3142,Komenda Wojewódzka Policji w Poznaniu   ,
KRZESINY (10),10,19,4/1,10/19/4/1,0.1189,Generalna Dyrekcja Dróg Krajowych i Autostrad Oddział w Poznaniu   ,
KRZESINY (10),10,25,2/2,10/25/2/2,1.4317,Generalna Dyrekcja Dróg Krajowych i Autostrad   ,
KRZESINY (10),10,25,3/5,10/25/3/5,0.9432,Generalna Dyrekcja Dróg Krajowych i Autostrad   ,
KRZESINY (10),10,44,18/1,10/44/18/1,0.2562,Generalna Dyrekcja Dróg Krajowych i Autostrad Oddział w Poznaniu   ,
KRZESINY (10),10,17,9/27,10/17/9/27,0.1401,Generalna Dyrekcja Dróg Krajowych i Autostrad   ,
KRZESINY (10),10,17,9/35,10/17/9/35,0.1136,Generalna Dyrekcja Dróg Krajowych i Autostrad   ,
KRZESINY (10),10,40,15,10/40/15,1.5588,Zarząd Zieleni Miejskiej   ,
KRZESINY (10),10,27,2,10/27/2,0.273,Komenda Miejska Państwowej Straży Pożarnej w Poznaniu   ,
STAROŁĘKA (11),11,21,106/2,11/21/106/2,0.0124,Generalna Dyrekcja Dróg Krajowych i Autostrad   ,
STAROŁĘKA (11),11,26,4/2,11/26/4/2,0.0026,Generalna Dyrekcja Dróg Krajowych i Autostrad   ,
STAROŁĘKA (11),11,25,23,11/25/23,0.6043,Generalna Dyrekcja Dróg Krajowych i Autostrad   ,
STAROŁĘKA (11),11,21,109,11/21/109,0.1486,Generalna Dyrekcja Dróg Krajowych i Autostrad   ,
STAROŁĘKA (11),11,31,1/22,11/31/1/22,0.0075,Generalna Dyrekcja Dróg Krajowych i Autostrad   ,
STAROŁĘKA (11),11,05,14,11/05/14,0.1352,Zarząd Transportu Miejskiego w Poznaniu   ,
STAROŁĘKA (11),11,05,10,11/05/10,0.072,Zarząd Transportu Miejskiego w Poznaniu   ,
STAROŁĘKA (11),11,25,22,11/25/22,0.3526,Generalna Dyrekcja Dróg Krajowych i Autostrad   ,
STAROŁĘKA (11),11,24,4,11/24/4,0.4592,Szkoła Podstawowa nr 63 im. Ksawerego Zakrzewskiego   ,
STAROŁĘKA (11),11,26,36/7,11/26/36/7,0.4758,Generalna Dyrekcja Dróg Krajowych i Autostrad   ,
STAROŁĘKA (11),11,23,183,11/23/183,0.3458,Zarząd Dróg Miejskich   ,
STAROŁĘKA (11),11,21,113,11/21/113,0.0271,Zarząd Dróg Miejskich   ,
STAROŁĘKA (11),11,26,36/2,11/26/36/2,0.0041,Generalna Dyrekcja Dróg Krajowych i Autostrad   ,
STAROŁĘKA (11),11,26,35/2,11/26/35/2,0.0043,Generalna Dyrekcja Dróg Krajowych i Autostrad   ,
STAROŁĘKA (11),11,21,128/2,11/21/128/2,0.1362,Generalna Dyrekcja Dróg Krajowych i Autostrad   ,
ZEGRZE (6),6,24,11/20,6/24/11/20,0.0578,Zarząd Dróg Miejskich   ,
STAROŁĘKA (11),11,26,34/2,11/26/34/2,0.0061,Generalna Dyrekcja Dróg Krajowych i Autostrad   ,
STAROŁĘKA (11),11,26,32/2,11/26/32/2,0.006,Generalna Dyrekcja Dróg Krajowych i Autostrad   ,
STAROŁĘKA (11),11,26,41/2,11/26/41/2,0.0067,Generalna Dyrekcja Dróg Krajowych i Autostrad   ,
STAROŁĘKA (11),11,16,38/6,11/16/38/6,0.0359,Prezydent Miasta Poznania   ,
STAROŁĘKA (11),11,26,37/1,11/26/37/1,0.0243,Generalna Dyrekcja Dróg Krajowych i Autostrad   ,
STAROŁĘKA (11),11,23,187,11/23/187,0.2147,Zarząd Dróg Miejskich   ,
PIOTROWO (14),14,01,7/2,14/01/7/2,0.7797,Zarząd Zieleni Miejskiej   ,
STAROŁĘKA (11),11,26,2/3,11/26/2/3,0.0546,Generalna Dyrekcja Dróg Krajowych i Autostrad   ,
GŁUSZYNA (12),12,07,12/1,12/07/12/1,0.7251,Zespół Szkół i Placówek Oświatowych nr 5   ,2022-12-16T02:00:00+01:00
GOLĘCIN (20),20,45,71/1,20/45/71/1,0.0137,Poznański Zespół Żłobków   ,
GOLĘCIN (20),20,45,71/2,20/45/71/2,0.5403,Poznański Zespół Żłobków   ,
STAROŁĘKA (11),11,26,39/2,11/26/39/2,0.0028,Generalna Dyrekcja Dróg Krajowych i Autostrad   ,
STAROŁĘKA (11),11,26,33/2,11/26/33/2,0.0058,Generalna Dyrekcja Dróg Krajowych i Autostrad   ,
STAROŁĘKA (11),11,22,135,11/22/135,0.125,Generalna Dyrekcja Dróg Krajowych i Autostrad   ,
GOLĘCIN (20),20,33,35/68,20/33/35/68,0.8999,XXV Liceum Ogólnokształcące im. Generałowej Jadwigi Zamoyskiej   ,
GOLĘCIN (20),20,29,26,20/29/26,0.0885,"Przedszkole nr 155 ""POLANIE""   ",
GOLĘCIN (20),20,29,26,20/29/26,0.0885,Szkoła Podstawowa nr 27 im.Stefana Czarnieckiego   ,2017-11-18T02:00:00+01:00
KRZESINY (10),10,21,1/2,10/21/1/2,0.5288,Generalna Dyrekcja Dróg Krajowych i Autostrad   ,
KRZESINY (10),10,17,9/28,10/17/9/28,0.0063,Generalna Dyrekcja Dróg Krajowych i Autostrad   ,
KRZESINY (10),10,20,1/4,10/20/1/4,1.8543,Generalna Dyrekcja Dróg Krajowych i Autostrad   ,
KRZESINY (10),10,25,1/6,10/25/1/6,0.905,Generalna Dyrekcja Dróg Krajowych i Autostrad   ,
KRZESINY (10),10,25,2/18,10/25/2/18,0.0496,Generalna Dyrekcja Dróg Krajowych i Autostrad   ,
KRZESINY (10),10,21,4/6,10/21/4/6,0.2469,Generalna Dyrekcja Dróg Krajowych i Autostrad   ,
KRZESINY (10),10,16,5,10/16/5,0.0881,Generalna Dyrekcja Dróg Krajowych i Autostrad   ,
KRZESINY (10),10,17,7,10/17/7,0.2503,Generalna Dyrekcja Dróg Krajowych i Autostrad   ,
KRZESINY (10),10,17,8,10/17/8,0.25,Generalna Dyrekcja Dróg Krajowych i Autostrad   ,
KRZESINY (10),10,17,9/37,10/17/9/37,0.8493,Generalna Dyrekcja Dróg Krajowych i Autostrad   ,
KRZESINY (10),10,19,3/1,10/19/3/1,1.276,Generalna Dyrekcja Dróg Krajowych i Autostrad   ,
KRZESINY (10),10,28,7/1,10/28/7/1,0.2138,Generalna Dyrekcja Dróg Krajowych i Autostrad   ,
KRZESINY (10),10,17,9/8,10/17/9/8,0.2451,Generalna Dyrekcja Dróg Krajowych i Autostrad   ,
KRZESINY (10),10,21,3/4,10/21/3/4,0.5329,Generalna Dyrekcja Dróg Krajowych i Autostrad   ,
KRZESINY (10),10,21,5/10,10/21/5/10,0.4982,Generalna Dyrekcja Dróg Krajowych i Autostrad   ,
KRZESINY (10),10,14,5/2,10/14/5/2,3.7657,Generalna Dyrekcja Dróg Krajowych i Autostrad   ,
KRZESINY (10),10,25,2/11,10/25/2/11,0.0117,Generalna Dyrekcja Dróg Krajowych i Autostrad Oddział w Poznaniu   ,
KRZESINY (10),10,38,10/1,10/38/10/1,0.0022,Generalna Dyrekcja Dróg Krajowych i Autostrad Oddział w Poznaniu   ,
KRZESINY (10),10,17,19/2,10/17/19/2,0.0173,Generalna Dyrekcja Dróg Krajowych i Autostrad   ,
KRZESINY (10),10,20,4/9,10/20/4/9,0.368,Generalna Dyrekcja Dróg Krajowych i Autostrad   ,
KRZESINY (10),10,22,17/2,10/22/17/2,0.1368,Generalna Dyrekcja Dróg Krajowych i Autostrad   ,
STAROŁĘKA (11),11,26,5/2,11/26/5/2,0.0065,Generalna Dyrekcja Dróg Krajowych i Autostrad   ,
STAROŁĘKA (11),11,26,23,11/26/23,0.0526,Generalna Dyrekcja Dróg Krajowych i Autostrad   ,
GOLĘCIN (20),20,29,63/1,20/29/63/1,0.0721,"Przedszkole nr 155 ""POLANIE""   ",
GOLĘCIN (20),20,29,63/1,20/29/63/1,0.0721,Szkoła Podstawowa nr 27 im.Stefana Czarnieckiego   ,2017-11-18T02:00:00+01:00
GOLĘCIN (20),20,45,126/2,20/45/126/2,1.2361,Zarząd Dróg Miejskich   ,
KRZESINY (10),10,17,9/19,10/17/9/19,0.0258,Generalna Dyrekcja Dróg Krajowych i Autostrad   ,
KRZESINY (10),10,19,2/1,10/19/2/1,1.736,Generalna Dyrekcja Dróg Krajowych i Autostrad   ,
KRZESINY (10),10,37,5/10,10/37/5/10,1.9851,Zespół Szkół Ogólnokształcących nr 2 im. Charles de Gaulle a   ,2022-06-06T04:00:00+02:00
KRZESINY (10),10,37,5/4,10/37/5/4,0.1335,Zespół Szkół Ogólnokształcących nr 2 im. Charles de Gaulle a   ,
KRZESINY (10),10,18,9/14,10/18/9/14,1.3548,Generalna Dyrekcja Dróg Krajowych i Autostrad   ,
STAROŁĘKA (11),11,05,11,11/05/11,0.1431,Zarząd Transportu Miejskiego w Poznaniu   ,
STAROŁĘKA (11),11,03,2/5,11/03/2/5,0.0317,Zarząd Transportu Miejskiego w Poznaniu   ,
STAROŁĘKA (11),11,26,36/9,11/26/36/9,0.0409,Generalna Dyrekcja Dróg Krajowych i Autostrad   ,
STAROŁĘKA (11),11,26,29,11/26/29,0.1071,Generalna Dyrekcja Dróg Krajowych i Autostrad   ,
STAROŁĘKA (11),11,22,139,11/22/139,0.0797,Generalna Dyrekcja Dróg Krajowych i Autostrad   ,
STAROŁĘKA (11),11,13,41/9,11/13/41/9,1.5831,Szkoła Podstawowa nr 59 im. gen. Jana Henryka Dąbrowskiego   ,
STAROŁĘKA (11),11,16,53/4,11/16/53/4,0.325,"Przedszkole nr 15 ""Calineczka""   ",
STAROŁĘKA (11),11,26,26,11/26/26,0.1046,Generalna Dyrekcja Dróg Krajowych i Autostrad   ,
STAROŁĘKA (11),11,26,22,11/26/22,0.0509,Generalna Dyrekcja Dróg Krajowych i Autostrad   ,
KRZESINY (10),10,26,3/1,10/26/3/1,1.4429,Generalna Dyrekcja Dróg Krajowych i Autostrad   ,
KRZESINY (10),10,17,27/1,10/17/27/1,0.0039,Generalna Dyrekcja Dróg Krajowych i Autostrad   ,
KRZESINY (10),10,17,9/24,10/17/9/24,0.0535,Generalna Dyrekcja Dróg Krajowych i Autostrad   ,
KRZESINY (10),10,22,10/2,10/22/10/2,0.1594,Generalna Dyrekcja Dróg Krajowych i Autostrad   ,
KRZESINY (10),10,17,6/2,10/17/6/2,0.045,Generalna Dyrekcja Dróg Krajowych i Autostrad   ,
KRZESINY (10),10,23,1/15,10/23/1/15,3.9501,Generalna Dyrekcja Dróg Krajowych i Autostrad   ,
KRZESINY (10),10,26,6/11,10/26/6/11,0.2654,Generalna Dyrekcja Dróg Krajowych i Autostrad   ,
KRZESINY (10),10,26,6/8,10/26/6/8,0.0077,Generalna Dyrekcja Dróg Krajowych i Autostrad   ,
KRZESINY (10),10,16,1/2,10/16/1/2,1.0547,Generalna Dyrekcja Dróg Krajowych i Autostrad   ,
KRZESINY (10),10,25,2/12,10/25/2/12,0.2966,Generalna Dyrekcja Dróg Krajowych i Autostrad Oddział w Poznaniu   ,
KRZESINY (10),10,24,1/30,10/24/1/30,0.2003,Generalna Dyrekcja Dróg Krajowych i Autostrad   ,
KRZESINY (10),10,37,5/9,10/37/5/9,0.0682,Zespół Szkół Ogólnokształcących nr 2 im. Charles de Gaulle a   ,
STAROŁĘKA (11),11,16,53/2,11/16/53/2,0.0101,"Przedszkole nr 15 ""Calineczka""   ",
KAROLIN (15),15,06,2/29,15/06/2/29,0.0389,Zarząd Dróg Miejskich   ,2016-08-19T04:00:00+02:00
KAROLIN (15),15,06,2/27,15/06/2/27,1.6282,Zarząd Dróg Miejskich   ,2016-08-19T04:00:00+02:00
STAROŁĘKA (11),11,20,6/2,11/20/6/2,0.0602,Generalna Dyrekcja Dróg Krajowych i Autostrad   ,
STAROŁĘKA (11),11,23,179,11/23/179,0.0731,Zarząd Dróg Miejskich   ,
GŁUSZYNA (12),12,07,13/3,12/07/13/3,0.0474,Zespół Szkół i Placówek Oświatowych nr 5   ,2022-04-26T04:00:00+02:00
STAROŁĘKA (11),11,26,34/3,11/26/34/3,0.8007,Generalna Dyrekcja Dróg Krajowych i Autostrad   ,
GOLĘCIN (20),20,13,1/983,20/13/1/983,0.1553,Szkoła Podstawowa nr 1   ,
PIOTROWO (14),14,01,6/6,14/01/6/6,0.0366,Zarząd Zieleni Miejskiej   ,
GŁUSZYNA (12),12,04,4,12/04/4,0.031,Zespół Szkół i Placówek Oświatowych nr 5   ,2020-11-10T02:00:00+01:00
GŁUSZYNA (12),12,04,6/2,12/04/6/2,0.1358,Zespół Szkół i Placówek Oświatowych nr 5   ,2020-11-10T02:00:00+01:00
GŁUSZYNA (12),12,04,7/2,12/04/7/2,0.5252,Zespół Szkół i Placówek Oświatowych nr 5   ,2020-11-10T02:00:00+01:00
GOLĘCIN (20),20,29,27,20/29/27,0.0911,"Przedszkole nr 155 ""POLANIE""   ",
GOLĘCIN (20),20,29,27,20/29/27,0.0911,Szkoła Podstawowa nr 27 im.Stefana Czarnieckiego   ,2017-11-18T02:00:00+01:00
GOLĘCIN (20),20,37,2/9,20/37/2/9,0.0043,Zarząd Zieleni Miejskiej   ,
GOLĘCIN (20),20,37,2/8,20/37/2/8,0.0076,Zarząd Zieleni Miejskiej   ,
GOLĘCIN (20),20,37,2/10,20/37/2/10,0.0446,Zarząd Zieleni Miejskiej   ,
GOLĘCIN (20),20,37,2/11,20/37/2/11,1.8363,Zarząd Zieleni Miejskiej   ,
KRZESINY (10),10,38,26/1,10/38/26/1,0.0063,Zarząd Dróg Miejskich   ,
KRZESINY (10),10,30,9/1,10/30/9/1,0.0101,Generalna Dyrekcja Dróg Krajowych i Autostrad   ,
KRZESINY (10),10,22,11/1,10/22/11/1,0.7969,Generalna Dyrekcja Dróg Krajowych i Autostrad   ,
KRZESINY (10),10,26,9/1,10/26/9/1,0.0983,Generalna Dyrekcja Dróg Krajowych i Autostrad   ,
KRZESINY (10),10,25,2/6,10/25/2/6,0.618,Generalna Dyrekcja Dróg Krajowych i Autostrad   ,
KRZESINY (10),10,38,14/5,10/38/14/5,0.7803,Generalna Dyrekcja Dróg Krajowych i Autostrad Oddział w Poznaniu   ,
KRZESINY (10),10,25,3/7,10/25/3/7,1.9274,Generalna Dyrekcja Dróg Krajowych i Autostrad   ,
KRZESINY (10),10,38,35/1,10/38/35/1,0.0003,Zarząd Dróg Miejskich   ,
KRZESINY (10),10,38,14/4,10/38/14/4,0.2758,Generalna Dyrekcja Dróg Krajowych i Autostrad Oddział w Poznaniu   ,
SPŁAWIE (9),9,14,2/2,9/14/2/2,0.0335,Prezydent Miasta Poznania   ,
KRZESINY (10),10,20,1/1,10/20/1/1,0.0317,Generalna Dyrekcja Dróg Krajowych i Autostrad   ,
KRZESINY (10),10,30,1/1,10/30/1/1,0.876,Generalna Dyrekcja Dróg Krajowych i Autostrad   ,
KRZESINY (10),10,20,10/2,10/20/10/2,1.4329,Generalna Dyrekcja Dróg Krajowych i Autostrad   ,
KRZESINY (10),10,20,11/2,10/20/11/2,0.0746,Generalna Dyrekcja Dróg Krajowych i Autostrad   ,
KRZESINY (10),10,28,1/5,10/28/1/5,1.068,Generalna Dyrekcja Dróg Krajowych i Autostrad Oddział w Poznaniu   ,
KRZESINY (10),10,28,6/1,10/28/6/1,0.2795,Generalna Dyrekcja Dróg Krajowych i Autostrad   ,
KRZESINY (10),10,17,9/20,10/17/9/20,0.078,Generalna Dyrekcja Dróg Krajowych i Autostrad   ,
KRZESINY (10),10,25,1/3,10/25/1/3,0.8265,Generalna Dyrekcja Dróg Krajowych i Autostrad   ,
KRZESINY (10),10,26,7,10/26/7,1.7066,Generalna Dyrekcja Dróg Krajowych i Autostrad   ,
KRZESINY (10),10,23,2/1,10/23/2/1,0.2674,Generalna Dyrekcja Dróg Krajowych i Autostrad   ,
KRZESINY (10),10,18,8/4,10/18/8/4,0.1991,Generalna Dyrekcja Dróg Krajowych i Autostrad   ,
KRZESINY (10),10,19,4/5,10/19/4/5,1.6283,Generalna Dyrekcja Dróg Krajowych i Autostrad   ,
KRZESINY (10),10,20,4/11,10/20/4/11,0.0663,Generalna Dyrekcja Dróg Krajowych i Autostrad   ,
KRZESINY (10),10,26,9/3,10/26/9/3,1.3747,Generalna Dyrekcja Dróg Krajowych i Autostrad   ,
KRZESINY (10),10,21,5/13,10/21/5/13,0.5134,Generalna Dyrekcja Dróg Krajowych i Autostrad   ,
KRZESINY (10),10,17,10/13,10/17/10/13,0.0094,Generalna Dyrekcja Dróg Krajowych i Autostrad   ,
KRZESINY (10),10,17,10/14,10/17/10/14,0.0297,Generalna Dyrekcja Dróg Krajowych i Autostrad   ,
KRZESINY (10),10,27,3/1,10/27/3/1,0.1436,Komenda Miejska Państwowej Straży Pożarnej w Poznaniu   ,
KRZESINY (10),10,44,20/16,10/44/20/16,2.0152,Generalna Dyrekcja Dróg Krajowych i Autostrad Oddział w Poznaniu   ,
KRZESINY (10),10,40,26/11,10/40/26/11,0.0556,Zarząd Zieleni Miejskiej   ,
STAROŁĘKA (11),11,26,2/2,11/26/2/2,0.0092,Generalna Dyrekcja Dróg Krajowych i Autostrad   ,
STAROŁĘKA (11),11,16,53/3,11/16/53/3,0.0622,Poradnia Psychologiczno-Pedagogiczna nr 7   ,
STAROŁĘKA (11),11,29,2/1,11/29/2/1,0.0192,Generalna Dyrekcja Dróg Krajowych i Autostrad   ,
GOLĘCIN (20),20,04,16/3,20/04/16/3,0.1865,Zespół Szkolno-Przedszkolny nr 15   ,2022-03-12T02:00:00+01:00
KRZESINY (10),10,15,5/20,10/15/5/20,1.8231,Generalna Dyrekcja Dróg Krajowych i Autostrad   ,
KRZESINY (10),10,24,2/5,10/24/2/5,0.0206,Generalna Dyrekcja Dróg Krajowych i Autostrad   ,
KRZESINY (10),10,24,1/26,10/24/1/26,0.1895,Generalna Dyrekcja Dróg Krajowych i Autostrad   ,
KRZESINY (10),10,28,1/4,10/28/1/4,0.5104,Generalna Dyrekcja Dróg Krajowych i Autostrad   ,
KRZESINY (10),10,22,9/2,10/22/9/2,0.2358,Generalna Dyrekcja Dróg Krajowych i Autostrad   ,
SPŁAWIE (9),9,32,22/2,9/32/22/2,0.0517,Generalna Dyrekcja Dróg Krajowych i Autostrad   ,
SPŁAWIE (9),9,30,2/24,9/30/2/24,0.1343,Generalna Dyrekcja Dróg Krajowych i Autostrad   ,
STAROŁĘKA (11),11,25,24/1,11/25/24/1,0.1835,Generalna Dyrekcja Dróg Krajowych i Autostrad   ,
STAROŁĘKA (11),11,23,181/4,11/23/181/4,0.0313,Zarząd Dróg Miejskich   ,
KRZESINY (10),10,15,12/1,10/15/12/1,0.0035,Generalna Dyrekcja Dróg Krajowych i Autostrad   ,
KRZESINY (10),10,20,14/4,10/20/14/4,0.1828,Generalna Dyrekcja Dróg Krajowych i Autostrad   ,
STAROŁĘKA (11),11,24,3/2,11/24/3/2,0.494,Szkoła Podstawowa nr 63 im. Ksawerego Zakrzewskiego   ,
STAROŁĘKA (11),11,27,3,11/27/3,0.1461,Generalna Dyrekcja Dróg Krajowych i Autostrad Oddział w Poznaniu   ,
STAROŁĘKA (11),11,26,34/5,11/26/34/5,0.0061,Generalna Dyrekcja Dróg Krajowych i Autostrad   ,
STAROŁĘKA (11),11,22,148/1,11/22/148/1,0.0553,Zarząd Dróg Miejskich   ,
STAROŁĘKA (11),11,26,3/2,11/26/3/2,0.0047,Generalna Dyrekcja Dróg Krajowych i Autostrad   ,
STAROŁĘKA (11),11,23,171/2,11/23/171/2,0.0464,Generalna Dyrekcja Dróg Krajowych i Autostrad   ,
STAROŁĘKA (11),11,27,16,11/27/16,0.0163,Generalna Dyrekcja Dróg Krajowych i Autostrad   ,
STAROŁĘKA (11),11,26,36/3,11/26/36/3,0.2477,Generalna Dyrekcja Dróg Krajowych i Autostrad   ,
STAROŁĘKA (11),11,26,32/1,11/26/32/1,1.0237,Generalna Dyrekcja Dróg Krajowych i Autostrad   ,
STAROŁĘKA (11),11,25,17/1,11/25/17/1,0.3813,Generalna Dyrekcja Dróg Krajowych i Autostrad Oddział w Poznaniu   ,
STAROŁĘKA (11),11,25,17/2,11/25/17/2,0.4323,Generalna Dyrekcja Dróg Krajowych i Autostrad   ,
STAROŁĘKA (11),11,26,27,11/26/27,0.1055,Generalna Dyrekcja Dróg Krajowych i Autostrad   ,
STAROŁĘKA (11),11,26,36/8,11/26/36/8,0.0411,Generalna Dyrekcja Dróg Krajowych i Autostrad   ,
KRZESINY (10),10,26,8/1,10/26/8/1,0.1079,Generalna Dyrekcja Dróg Krajowych i Autostrad   ,
KRZESINY (10),10,38,7,10/38/7,0.0982,Generalna Dyrekcja Dróg Krajowych i Autostrad Oddział w Poznaniu   ,
KRZESINY (10),10,17,25/2,10/17/25/2,0.0309,Generalna Dyrekcja Dróg Krajowych i Autostrad   ,
KRZESINY (10),10,15,5/18,10/15/5/18,0.1727,Generalna Dyrekcja Dróg Krajowych i Autostrad   ,
KRZESINY (10),10,20,6/2,10/20/6/2,0.9976,Generalna Dyrekcja Dróg Krajowych i Autostrad   ,
KRZESINY (10),10,25,1/2,10/25/1/2,1.1705,Generalna Dyrekcja Dróg Krajowych i Autostrad   ,
KRZESINY (10),10,25,2/9,10/25/2/9,0.56,Generalna Dyrekcja Dróg Krajowych i Autostrad   ,
KRZESINY (10),10,38,8,10/38/8,0.0608,Generalna Dyrekcja Dróg Krajowych i Autostrad Oddział w Poznaniu   ,
PIOTROWO (14),14,01,6/5,14/01/6/5,2.3066,Zarząd Zieleni Miejskiej   ,
GŁUSZYNA (12),12,07,27/1,12/07/27/1,0.0037,"Przedszkole nr 17 ""Ikarek""   ",
GŁUSZYNA (12),12,07,25/5,12/07/25/5,0.3458,"Przedszkole nr 17 ""Ikarek""   ",
GŁUSZYNA (12),12,05,2/62,12/05/2/62,1.5687,Zarząd Zieleni Miejskiej   ,
GŁUSZYNA (12),12,07,14/1,12/07/14/1,0.5857,Zespół Szkół i Placówek Oświatowych nr 5   ,2020-11-10T02:00:00+01:00
STAROŁĘKA (11),11,21,114,11/21/114,0.101,Zarząd Dróg Miejskich   ,
STAROŁĘKA (11),11,22,147,11/22/147,0.2615,Zarząd Dróg Miejskich   ,
KRZESINY (10),10,17,6/1,10/17/6/1,0.205,Generalna Dyrekcja Dróg Krajowych i Autostrad   ,
KRZESINY (10),10,26,8/2,10/26/8/2,0.4612,Generalna Dyrekcja Dróg Krajowych i Autostrad   ,
KRZESINY (10),10,23,1/12,10/23/1/12,0.8447,Generalna Dyrekcja Dróg Krajowych i Autostrad   ,
KRZESINY (10),10,14,4,10/14/4,0.3525,Generalna Dyrekcja Dróg Krajowych i Autostrad   ,
KRZESINY (10),10,19,1/9,10/19/1/9,0.5385,Generalna Dyrekcja Dróg Krajowych i Autostrad   ,
KRZESINY (10),10,33,1/1,10/33/1/1,0.006,Generalna Dyrekcja Dróg Krajowych i Autostrad   ,
KRZESINY (10),10,16,3/1,10/16/3/1,0.7034,Generalna Dyrekcja Dróg Krajowych i Autostrad   ,
KRZESINY (10),10,25,2/10,10/25/2/10,0.6886,Generalna Dyrekcja Dróg Krajowych i Autostrad   ,
GOLĘCIN (20),20,29,57/6,20/29/57/6,0.1983,"Przedszkole nr 155 ""POLANIE""   ",
GOLĘCIN (20),20,29,57/6,20/29/57/6,0.1983,Szkoła Podstawowa nr 27 im.Stefana Czarnieckiego   ,2017-11-18T02:00:00+01:00
GOLĘCIN (20),20,29,5/2,20/29/5/2,0.0249,"Przedszkole nr 155 ""POLANIE""   ",
GOLĘCIN (20),20,29,5/2,20/29/5/2,0.0249,Szkoła Podstawowa nr 27 im.Stefana Czarnieckiego   ,2017-11-18T02:00:00+01:00
GOLĘCIN (20),20,29,28/13,20/29/28/13,0.0095,"Przedszkole nr 155 ""POLANIE""   ",
GOLĘCIN (20),20,29,28/13,20/29/28/13,0.0095,Szkoła Podstawowa nr 27 im.Stefana Czarnieckiego   ,2017-11-18T02:00:00+01:00
GOLĘCIN (20),20,06,4/34,20/06/4/34,0.7055,Zarząd Zieleni Miejskiej   ,
GOLĘCIN (20),20,06,3/19,20/06/3/19,0.4771,Zarząd Zieleni Miejskiej   ,
SPŁAWIE (9),9,32,1/2,9/32/1/2,0.1805,Generalna Dyrekcja Dróg Krajowych i Autostrad   ,
KRZESINY (10),10,17,9/7,10/17/9/7,0.4265,Generalna Dyrekcja Dróg Krajowych i Autostrad   ,
KRZESINY (10),10,17,9/22,10/17/9/22,0.0014,Generalna Dyrekcja Dróg Krajowych i Autostrad   ,
KRZESINY (10),10,25,4/3,10/25/4/3,0.2933,Generalna Dyrekcja Dróg Krajowych i Autostrad   ,
KRZESINY (10),10,19,1/7,10/19/1/7,0.7165,Generalna Dyrekcja Dróg Krajowych i Autostrad   ,
KRZESINY (10),10,17,10/10,10/17/10/10,0.0219,Generalna Dyrekcja Dróg Krajowych i Autostrad   ,
KRZESINY (10),10,20,3/2,10/20/3/2,0.0363,Generalna Dyrekcja Dróg Krajowych i Autostrad   ,
KRZESINY (10),10,25,2/1,10/25/2/1,0.4671,Generalna Dyrekcja Dróg Krajowych i Autostrad   ,
KRZESINY (10),10,26,10/3,10/26/10/3,0.1923,Generalna Dyrekcja Dróg Krajowych i Autostrad   ,
KRZESINY (10),10,38,29,10/38/29,0.0088,Zarząd Dróg Miejskich   ,
KRZESINY (10),10,28,1/16,10/28/1/16,0.5129,Generalna Dyrekcja Dróg Krajowych i Autostrad   ,
KRZESINY (10),10,28,1/19,10/28/1/19,0.0693,Generalna Dyrekcja Dróg Krajowych i Autostrad   ,
KRZESINY (10),10,26,6/6,10/26/6/6,0.0706,Generalna Dyrekcja Dróg Krajowych i Autostrad   ,
KRZESINY (10),10,18,7/2,10/18/7/2,0.0776,Generalna Dyrekcja Dróg Krajowych i Autostrad   ,
KRZESINY (10),10,21,2/2,10/21/2/2,1.2026,Generalna Dyrekcja Dróg Krajowych i Autostrad   ,
KRZESINY (10),10,22,4/2,10/22/4/2,1.1518,Generalna Dyrekcja Dróg Krajowych i Autostrad   ,
KRZESINY (10),10,17,9/32,10/17/9/32,0.0332,Generalna Dyrekcja Dróg Krajowych i Autostrad   ,
KRZESINY (10),10,27,68/1,10/27/68/1,0.0249,Komenda Miejska Państwowej Straży Pożarnej w Poznaniu   ,
KRZESINY (10),10,38,15/4,10/38/15/4,0.0341,Generalna Dyrekcja Dróg Krajowych i Autostrad Oddział w Poznaniu   ,
STAROŁĘKA (11),11,22,133,11/22/133,0.1189,Generalna Dyrekcja Dróg Krajowych i Autostrad   ,
KRZESINY (10),10,20,14/1,10/20/14/1,0.0198,Generalna Dyrekcja Dróg Krajowych i Autostrad   ,
KRZESINY (10),10,26,10/2,10/26/10/2,0.0333,Generalna Dyrekcja Dróg Krajowych i Autostrad   ,
KRZESINY (10),10,14,10/2,10/14/10/2,0.1395,Generalna Dyrekcja Dróg Krajowych i Autostrad   ,
KRZESINY (10),10,22,10/4,10/22/10/4,0.6199,Generalna Dyrekcja Dróg Krajowych i Autostrad   ,
SPŁAWIE (9),9,32,5/2,9/32/5/2,2.7968,Generalna Dyrekcja Dróg Krajowych i Autostrad   ,
SPŁAWIE (9),9,32,11/2,9/32/11/2,0.0739,Generalna Dyrekcja Dróg Krajowych i Autostrad   ,
SPŁAWIE (9),9,22,41/4,9/22/41/4,0.0103,Generalna Dyrekcja Dróg Krajowych i Autostrad   ,
KRZESINY (10),10,24,1/46,10/24/1/46,0.0036,Generalna Dyrekcja Dróg Krajowych i Autostrad Oddział w Poznaniu   ,
KRZESINY (10),10,24,1/47,10/24/1/47,0.0728,Generalna Dyrekcja Dróg Krajowych i Autostrad Oddział w Poznaniu   ,
KRZESINY (10),10,18,9/11,10/18/9/11,0.1154,Generalna Dyrekcja Dróg Krajowych i Autostrad   ,
KRZESINY (10),10,17,23/2,10/17/23/2,0.4078,Generalna Dyrekcja Dróg Krajowych i Autostrad Oddział w Poznaniu   ,
KRZESINY (10),10,20,3/4,10/20/3/4,0.5689,Generalna Dyrekcja Dróg Krajowych i Autostrad   ,
KRZESINY (10),10,38,6,10/38/6,0.0082,Generalna Dyrekcja Dróg Krajowych i Autostrad Oddział w Poznaniu   ,
KRZESINY (10),10,38,9/1,10/38/9/1,0.0119,Generalna Dyrekcja Dróg Krajowych i Autostrad Oddział w Poznaniu   ,
KRZESINY (10),10,18,11/16,10/18/11/16,0.0203,Generalna Dyrekcja Dróg Krajowych i Autostrad   ,
STAROŁĘKA (11),11,23,173/2,11/23/173/2,0.0038,Generalna Dyrekcja Dróg Krajowych i Autostrad   ,
STAROŁĘKA (11),11,25,18,11/25/18,0.5147,Generalna Dyrekcja Dróg Krajowych i Autostrad   ,
STAROŁĘKA (11),11,25,19,11/25/19,0.1433,Generalna Dyrekcja Dróg Krajowych i Autostrad   ,
STAROŁĘKA (11),11,25,13/1,11/25/13/1,0.1501,Generalna Dyrekcja Dróg Krajowych i Autostrad   ,
STAROŁĘKA (11),11,26,21,11/26/21,0.1027,Generalna Dyrekcja Dróg Krajowych i Autostrad   ,
STAROŁĘKA (11),11,21,108/6,11/21/108/6,0.0157,Generalna Dyrekcja Dróg Krajowych i Autostrad   ,
STAROŁĘKA (11),11,21,108/5,11/21/108/5,0.001,Generalna Dyrekcja Dróg Krajowych i Autostrad   ,
STAROŁĘKA (11),11,27,6,11/27/6,0.1633,Generalna Dyrekcja Dróg Krajowych i Autostrad   ,
STAROŁĘKA (11),11,26,41/3,11/26/41/3,0.3658,Generalna Dyrekcja Dróg Krajowych i Autostrad   ,
STAROŁĘKA (11),11,03,3/1,11/03/3/1,0.2357,Zarząd Transportu Miejskiego w Poznaniu   ,
STAROŁĘKA (11),11,05,7,11/05/7,0.0922,Zarząd Transportu Miejskiego w Poznaniu   ,
STAROŁĘKA (11),11,22,137,11/22/137,0.1395,Generalna Dyrekcja Dróg Krajowych i Autostrad   ,
STAROŁĘKA (11),11,26,44/1,11/26/44/1,0.012,Generalna Dyrekcja Dróg Krajowych i Autostrad   ,
STAROŁĘKA (11),11,22,138,11/22/138,0.1334,Generalna Dyrekcja Dróg Krajowych i Autostrad   ,
STAROŁĘKA (11),11,22,134/2,11/22/134/2,0.0892,Generalna Dyrekcja Dróg Krajowych i Autostrad   ,
STAROŁĘKA (11),11,22,134/1,11/22/134/1,0.0353,Generalna Dyrekcja Dróg Krajowych i Autostrad   ,
STAROŁĘKA (11),11,23,184/1,11/23/184/1,0.3741,Zarząd Dróg Miejskich   ,
STAROŁĘKA (11),11,22,146,11/22/146,0.3215,Zarząd Dróg Miejskich   ,
STAROŁĘKA (11),11,16,52/2,11/16/52/2,0.3871,"Przedszkole nr 15 ""Calineczka""   ",
STAROŁĘKA (11),11,23,182,11/23/182,0.3041,Zarząd Dróg Miejskich   ,
GŁUSZYNA (12),12,04,3,12/04/3,0.3881,Zespół Szkół i Placówek Oświatowych nr 5   ,2020-11-10T02:00:00+01:00
GŁUSZYNA (12),12,07,13/1,12/07/13/1,0.5154,Zespół Szkół i Placówek Oświatowych nr 5   ,2022-12-16T02:00:00+01:00
STAROŁĘKA (11),11,05,36,11/05/36,0.0166,Zarząd Transportu Miejskiego w Poznaniu   ,
STAROŁĘKA (11),11,26,28,11/26/28,0.1059,Generalna Dyrekcja Dróg Krajowych i Autostrad   ,
GŁUSZYNA (12),12,07,26/3,12/07/26/3,0.1831,"Przedszkole nr 17 ""Ikarek""   ",
GOLĘCIN (20),20,29,45/1,20/29/45/1,0.1166,"Przedszkole nr 155 ""POLANIE""   ",
GOLĘCIN (20),20,29,45/1,20/29/45/1,0.1166,Szkoła Podstawowa nr 27 im.Stefana Czarnieckiego   ,2017-11-18T02:00:00+01:00
GOLĘCIN (20),20,29,19,20/29/19,0.0489,"Przedszkole nr 155 ""POLANIE""   ",
GOLĘCIN (20),20,29,19,20/29/19,0.0489,Szkoła Podstawowa nr 27 im.Stefana Czarnieckiego   ,2017-11-18T02:00:00+01:00
KRZESINY (10),10,39,10/3,10/39/10/3,0.0713,Generalna Dyrekcja Dróg Krajowych i Autostrad Oddział w Poznaniu   ,
KRZESINY (10),10,37,5/14,10/37/5/14,0.1267,Zespół Szkół Ogólnokształcących nr 2 im. Charles de Gaulle a   ,
KRZESINY (10),10,37,5/13,10/37/5/13,0.0003,Zarząd Dróg Miejskich   ,
KRZESINY (10),10,37,5/11,10/37/5/11,0.1478,Zarząd Dróg Miejskich   ,
KRZESINY (10),10,17,9/2,10/17/9/2,0.4877,Generalna Dyrekcja Dróg Krajowych i Autostrad   ,
KRZESINY (10),10,17,5/3,10/17/5/3,1.8129,Generalna Dyrekcja Dróg Krajowych i Autostrad   ,
KRZESINY (10),10,26,2/1,10/26/2/1,1.6015,Generalna Dyrekcja Dróg Krajowych i Autostrad   ,
KRZESINY (10),10,24,1/28,10/24/1/28,0.0106,Generalna Dyrekcja Dróg Krajowych i Autostrad   ,
KRZESINY (10),10,24,1/24,10/24/1/24,0.2233,Generalna Dyrekcja Dróg Krajowych i Autostrad   ,
KRZESINY (10),10,17,9/30,10/17/9/30,0.0008,Generalna Dyrekcja Dróg Krajowych i Autostrad   ,
GOLĘCIN (20),20,40,1/3,20/40/1/3,0.0207,Usługi Komunalne   ,
GOLĘCIN (20),20,40,1/4,20/40/1/4,9.6439,Zarząd Zieleni Miejskiej   ,
STRZESZYN (25),25,07,5/676,25/07/5/676,0.1161,Zarząd Transportu Miejskiego w Poznaniu   ,
STRZESZYN (25),25,07,5/749,25/07/5/749,0.2614,Zarząd Transportu Miejskiego w Poznaniu   ,
STRZESZYN (25),25,06,4/579,25/06/4/579,0.0103,"Placówka Opiekuńczo-Wychowawcza ""Nasz Dom""   ",
STRZESZYN (25),25,17,177,25/17/177,0.0607,Zarząd Zieleni Miejskiej   ,
STRZESZYN (25),25,19,4,25/19/4,0.0098,Zarząd Zieleni Miejskiej   ,
PSARSKIE (24),24,20,122/2,24/20/122/2,2.1181,Miejskie Centrum Interwencji Kryzysowej   ,2017-10-13T04:00:00+02:00
PSARSKIE (24),24,20,126,24/20/126,0.3447,Miejskie Centrum Interwencji Kryzysowej   ,2017-10-13T04:00:00+02:00
PSARSKIE (24),24,20,125,24/20/125,0.3161,Miejskie Centrum Interwencji Kryzysowej   ,2017-10-13T04:00:00+02:00
PSARSKIE (24),24,20,127,24/20/127,0.2369,Miejskie Centrum Interwencji Kryzysowej   ,2017-10-13T04:00:00+02:00
STRZESZYN (25),25,08,7,25/08/7,2.8368,Poznańskie Ośrodki Sportu i Rekreacji   ,
STRZESZYN (25),25,18,14/2,25/18/14/2,0.0274,Zarząd Zieleni Miejskiej   ,
KRZYŻOWNIKI (22),22,16,119/1,22/16/119/1,0.0306,Zarząd Zieleni Miejskiej   ,
KRZYŻOWNIKI (22),22,16,120/1,22/16/120/1,0.0408,Zarząd Zieleni Miejskiej   ,
PODOLANY (28),28,04,34/7,28/04/34/7,0.447,Zespół Szkolno-Przedszkolny nr 15   ,2022-03-12T02:00:00+01:00
KIEKRZ (27),27,10,551/1,27/10/551/1,0.8601,Zarząd Zieleni Miejskiej   ,
KIEKRZ (27),27,10,551/8,27/10/551/8,0.4178,Zarząd Zieleni Miejskiej   ,
KIEKRZ (27),27,09,553/10,27/09/553/10,0.0186,Szkoła Podstawowa nr 28 im. Kornela Makuszyńskiego   ,2007-10-24T04:00:00+02:00
KIEKRZ (27),27,12,537/20,27/12/537/20,2.2791,Poznańskie Ośrodki Sportu i Rekreacji   ,
KIEKRZ (27),27,10,551/9,27/10/551/9,0.46,Zarząd Zieleni Miejskiej   ,
GÓRCZYN (35),35,01,19/2,35/01/19/2,0.021,Przedszkole nr 13   ,
STRZESZYN (25),25,07,5/748,25/07/5/748,0.1425,Zarząd Transportu Miejskiego w Poznaniu   ,
ŁAWICA II (23),23,01,163/18,23/01/163/18,1.4975,Komenda Miejska Państwowej Straży Pożarnej w Poznaniu   ,
ŁAWICA II (23),23,01,163/17,23/01/163/17,0.26,Komenda Miejska Państwowej Straży Pożarnej w Poznaniu   ,
GÓRCZYN (35),35,05,128/49,35/05/128/49,0.0125,Zarząd Dróg Miejskich   ,
GÓRCZYN (35),35,23,150/2,35/23/150/2,0.0162,Zarząd Dróg Miejskich   ,
GÓRCZYN (35),35,06,2/16,35/06/2/16,0.0008,Zarząd Dróg Miejskich   ,
GÓRCZYN (35),35,23,150/6,35/23/150/6,0.0115,Zarząd Dróg Miejskich   ,
GÓRCZYN (35),35,06,112/21,35/06/112/21,0.007,Zarząd Dróg Miejskich   ,
GÓRCZYN (35),35,06,69/15,35/06/69/15,0.0003,Szkoła Podstawowa nr 10 im. Arkadego Fiedlera   ,
STRZESZYN (25),25,08,11/1,25/08/11/1,0.0955,Poznańskie Ośrodki Sportu i Rekreacji   ,
KRZYŻOWNIKI (22),22,22,11/5,22/22/11/5,0.6444,Izba Administracji Skarbowej   ,
PODOLANY (28),28,04,34/5,28/04/34/5,0.1069,Zarząd Zieleni Miejskiej   ,
KIEKRZ (27),27,10,551/10,27/10/551/10,0.74,Zarząd Zieleni Miejskiej   ,
KIEKRZ (27),27,10,551/7,27/10/551/7,1.3238,Zarząd Zieleni Miejskiej   ,
KIEKRZ (27),27,09,552/4,27/09/552/4,0.2373,Szkoła Podstawowa nr 28 im. Kornela Makuszyńskiego   ,2007-10-24T04:00:00+02:00
KIEKRZ (27),27,09,556,27/09/556,0.0423,Szkoła Podstawowa nr 28 im. Kornela Makuszyńskiego   ,
STRZESZYN (25),25,04,7/1,25/04/7/1,0.0166,Prezydent Miasta Poznania   ,
KRZYŻOWNIKI (22),22,22,10/7,22/22/10/7,0.5458,Izba Administracji Skarbowej   ,
KRZYŻOWNIKI (22),22,18,199,22/18/199,0.4951,Zespół Szkolno-Przedszkolny nr 14   ,2022-03-16T02:00:00+01:00
KRZYŻOWNIKI (22),22,22,10/14,22/22/10/14,0.6186,Izba Administracji Skarbowej   ,2020-01-14T02:00:00+01:00
KRZYŻOWNIKI (22),22,22,11/12,22/22/11/12,0.0118,Izba Administracji Skarbowej   ,2020-01-14T02:00:00+01:00
KRZYŻOWNIKI (22),22,13,144/2,22/13/144/2,0.1213,Zarząd Zieleni Miejskiej   ,
STRZESZYN (25),25,06,4/574,25/06/4/574,0.0353,"Placówka Opiekuńczo-Wychowawcza ""Zakątek""   ",2023-07-08T04:00:00+02:00
STRZESZYN (25),25,07,5/673,25/07/5/673,1.3575,"Przedszkole nr 77 ""Koraliki""   ",2018-07-10T04:00:00+02:00
PSARSKIE (24),24,20,124,24/20/124,0.3265,Miejskie Centrum Interwencji Kryzysowej   ,2017-10-13T04:00:00+02:00
GÓRCZYN (35),35,05,128/70,35/05/128/70,0.0044,Zarząd Dróg Miejskich   ,
GÓRCZYN (35),35,05,198/8,35/05/198/8,0.0005,Zarząd Dróg Miejskich   ,
GÓRCZYN (35),35,13,217/3,35/13/217/3,0.0829,Zarząd Transportu Miejskiego w Poznaniu   ,
GÓRCZYN (35),35,03,7,35/03/7,0.3269,SZKOŁA PODSTAWOWA NR 80 IM. KORNELA MAKUSZYŃSKIEGO   ,
KIEKRZ (27),27,10,544/3,27/10/544/3,0.036,Poznańskie Ośrodki Sportu i Rekreacji   ,
STRZESZYN (25),25,19,7/1,25/19/7/1,0.0069,Zarząd Zieleni Miejskiej   ,
STRZESZYN (25),25,08,12/4,25/08/12/4,6.8151,Poznańskie Ośrodki Sportu i Rekreacji   ,
STRZESZYN (25),25,08,9,25/08/9,0.261,Poznańskie Ośrodki Sportu i Rekreacji   ,
STRZESZYN (25),25,01,13,25/01/13,0.1084,Poznańskie Ośrodki Sportu i Rekreacji   ,
KRZYŻOWNIKI (22),22,22,21/6,22/22/21/6,0.813,Izba Administracji Skarbowej   ,
KRZYŻOWNIKI (22),22,20,10/14,22/20/10/14,0.0018,Zarząd Dróg Miejskich   ,
KRZYŻOWNIKI (22),22,21,48/2,22/21/48/2,0.5555,Zarząd Dróg Miejskich   ,
PODOLANY (28),28,04,34/8,28/04/34/8,0.0505,Zarząd Zieleni Miejskiej   ,
STRZESZYN (25),25,06,4/575,25/06/4/575,0.0354,"Placówka Opiekuńczo-Wychowawcza ""Zakątek""   ",2023-07-08T04:00:00+02:00
KRZYŻOWNIKI (22),22,18,198,22/18/198,0.3531,Zespół Szkolno-Przedszkolny nr 14   ,2022-03-16T02:00:00+01:00
KRZYŻOWNIKI (22),22,22,10/8,22/22/10/8,2.3529,Izba Administracji Skarbowej   ,
KRZYŻOWNIKI (22),22,13,142/2,22/13/142/2,0.0277,Zarząd Zieleni Miejskiej   ,
STRZESZYN (25),25,01,14/1,25/01/14/1,1.2727,Poznańskie Ośrodki Sportu i Rekreacji   ,
STRZESZYN (25),25,06,4/578,25/06/4/578,0.0449,"Placówka Opiekuńczo-Wychowawcza ""Nasz Dom""   ",
STRZESZYN (25),25,06,4/577,25/06/4/577,0.0287,"Placówka Opiekuńczo-Wychowawcza ""Nasz Dom""   ",
KIEKRZ (27),27,09,557/5,27/09/557/5,0.0184,Szkoła Podstawowa nr 28 im. Kornela Makuszyńskiego   ,
KIEKRZ (27),27,09,557/4,27/09/557/4,1.1549,Szkoła Podstawowa nr 28 im. Kornela Makuszyńskiego   ,
KIEKRZ (27),27,10,551/2,27/10/551/2,0.4945,Zarząd Zieleni Miejskiej   ,
KIEKRZ (27),27,10,546/1,27/10/546/1,1.1265,Poznańskie Ośrodki Sportu i Rekreacji   ,
STRZESZYN (25),25,06,4/576,25/06/4/576,0.0486,"Placówka Opiekuńczo-Wychowawcza ""Nasz Dom""   ",
KRZYŻOWNIKI (22),22,13,152/2,22/13/152/2,0.2116,Zarząd Zieleni Miejskiej   ,
PODOLANY (28),28,04,34/4,28/04/34/4,0.1326,Zarząd Zieleni Miejskiej   ,
GÓRCZYN (35),35,02,130/14,35/02/130/14,0.0003,Zespół Szkół Budowlano-Drzewnych im.Bolesława Chrobrego   ,
GÓRCZYN (35),35,02,131/8,35/02/131/8,0.0544,Zespół Szkół Budowlano-Drzewnych im.Bolesława Chrobrego   ,
GÓRCZYN (35),35,05,198/6,35/05/198/6,0.0006,Zarząd Dróg Miejskich   ,
GÓRCZYN (35),35,05,128/69,35/05/128/69,0.0105,Zarząd Dróg Miejskich   ,
GÓRCZYN (35),35,05,128/1,35/05/128/1,0.0093,Zarząd Dróg Miejskich   ,
GÓRCZYN (35),35,24,47,35/24/47,0.0562,Zarząd Dróg Miejskich   ,
GÓRCZYN (35),35,06,112/11,35/06/112/11,0.0127,Zarząd Dróg Miejskich   ,
GÓRCZYN (35),35,05,155/36,35/05/155/36,0.0013,Zarząd Dróg Miejskich   ,
GÓRCZYN (35),35,06,69/11,35/06/69/11,0.0063,Zarząd Dróg Miejskich   ,
GÓRCZYN (35),35,05,128/51,35/05/128/51,0.0118,Zarząd Dróg Miejskich   ,
GÓRCZYN (35),35,06,69/16,35/06/69/16,0.008,Zarząd Dróg Miejskich   ,
GÓRCZYN (35),35,23,150/10,35/23/150/10,0.6538,Zarząd Dróg Miejskich   ,
GÓRCZYN (35),35,01,3/12,35/01/3/12,0.3356,Szkoła Podstawowa nr 7 im. Erazma z Rotterdamu   ,
GÓRCZYN (35),35,23,64,35/23/64,0.8972,"Szkoła Podstawowa nr 4 im. ""Armii Poznań""   ",
GÓRCZYN (35),35,23,150/1,35/23/150/1,0.0036,Zarząd Dróg Miejskich   ,
GÓRCZYN (35),35,05,155/11,35/05/155/11,0.0004,Zarząd Dróg Miejskich   ,
GÓRCZYN (35),35,05,104/2,35/05/104/2,0.0624,Szkoła Podstawowa nr 10 im. Arkadego Fiedlera   ,
GÓRCZYN (35),35,23,150/9,35/23/150/9,0.0118,Zarząd Dróg Miejskich   ,
GÓRCZYN (35),35,06,112/14,35/06/112/14,0.0093,Zarząd Dróg Miejskich   ,
GÓRCZYN (35),35,06,112/7,35/06/112/7,0.0362,Zarząd Dróg Miejskich   ,
GÓRCZYN (35),35,05,155/34,35/05/155/34,0.0023,Zarząd Dróg Miejskich   ,
GÓRCZYN (35),35,05,128/66,35/05/128/66,0.0107,Zarząd Dróg Miejskich   ,
GÓRCZYN (35),35,05,128/75,35/05/128/75,0.0023,Zarząd Dróg Miejskich   ,
GÓRCZYN (35),35,05,128/60,35/05/128/60,0.0077,Zarząd Dróg Miejskich   ,
GÓRCZYN (35),35,05,128/86,35/05/128/86,0.0167,Zarząd Dróg Miejskich   ,
GÓRCZYN (35),35,05,128/85,35/05/128/85,0.002,Zarząd Dróg Miejskich   ,
GÓRCZYN (35),35,06,112/5,35/06/112/5,0.0152,Zarząd Dróg Miejskich   ,
GÓRCZYN (35),35,05,128/7,35/05/128/7,0.0068,Zarząd Dróg Miejskich   ,
GÓRCZYN (35),35,05,155/46,35/05/155/46,0.4606,Zarząd Dróg Miejskich   ,
GÓRCZYN (35),35,24,7/1,35/24/7/1,0.0134,Zarząd Dróg Miejskich   ,
GÓRCZYN (35),35,05,128/74,35/05/128/74,0.0085,Zarząd Dróg Miejskich   ,
GÓRCZYN (35),35,05,155/33,35/05/155/33,0.0016,Zarząd Dróg Miejskich   ,
GÓRCZYN (35),35,13,92/1,35/13/92/1,0.736,Przedszkole nr 67 im. Marii Konopnickiej   ,
GÓRCZYN (35),35,03,14,35/03/14,0.415,SZKOŁA PODSTAWOWA NR 80 IM. KORNELA MAKUSZYŃSKIEGO   ,
GÓRCZYN (35),35,06,36,35/06/36,0.2883,Przedszkole nr 8   ,
GÓRCZYN (35),35,02,145/4,35/02/145/4,0.0855,Zespół Szkół Budowlano-Drzewnych im.Bolesława Chrobrego   ,
GÓRCZYN (35),35,13,129/9,35/13/129/9,0.0454,Zarząd Transportu Miejskiego w Poznaniu   ,
GÓRCZYN (35),35,13,129/7,35/13/129/7,0.3676,Zarząd Transportu Miejskiego w Poznaniu   ,
GÓRCZYN (35),35,05,155/20,35/05/155/20,0.0031,Zarząd Dróg Miejskich   ,
JUNIKOWO (36),36,10,23/25,36/10/23/25,1.6161,Zarząd Dróg Miejskich   ,
GÓRCZYN (35),35,06,112/23,35/06/112/23,0.0133,Zarząd Dróg Miejskich   ,
GÓRCZYN (35),35,05,87/2,35/05/87/2,0.0157,Szkoła Podstawowa nr 10 im. Arkadego Fiedlera   ,2017-11-15T02:00:00+01:00
GÓRCZYN (35),35,05,84/2,35/05/84/2,0.0194,Szkoła Podstawowa nr 10 im. Arkadego Fiedlera   ,2017-11-15T02:00:00+01:00
GÓRCZYN (35),35,05,128/10,35/05/128/10,0.0068,Zarząd Dróg Miejskich   ,
GÓRCZYN (35),35,17,131/61,35/17/131/61,0.0297,Szkoła Podstawowa nr 72 z Oddziałami Dwujęzycznymi i Sportowymi im. Mikołaja Kopernika   ,
GÓRCZYN (35),35,15,1/16,35/15/1/16,1.3864,Szkoła Podstawowa nr 72 z Oddziałami Dwujęzycznymi i Sportowymi im. Mikołaja Kopernika   ,
GÓRCZYN (35),35,19,14/4,35/19/14/4,0.003,Zarząd Dróg Miejskich   ,
GÓRCZYN (35),35,05,128/63,35/05/128/63,0.0054,Zarząd Dróg Miejskich   ,
JUNIKOWO (36),36,32,42/1,36/32/42/1,0.0832,Poznańskie Ośrodki Sportu i Rekreacji   ,
JUNIKOWO (36),36,10,25/16,36/10/25/16,0.1807,Zarząd Dróg Miejskich   ,
JUNIKOWO (36),36,26,3/11,36/26/3/11,0.1573,Sąd Rejonowy Poznań - Grunwald i Jeżyce w Poznaniu   ,
JUNIKOWO (36),36,28,8/7,36/28/8/7,0.0614,Zarząd Dróg Miejskich   ,
JUNIKOWO (36),36,32,41/22,36/32/41/22,0.1741,Zarząd Dróg Miejskich   ,
JUNIKOWO (36),36,22,1/5,36/22/1/5,10.05,Zarząd Zieleni Miejskiej   ,
JUNIKOWO (36),36,31,2/13,36/31/2/13,0.0358,Poznańskie Ośrodki Sportu i Rekreacji   ,
JUNIKOWO (36),36,31,2/15,36/31/2/15,0.0315,Poznańskie Ośrodki Sportu i Rekreacji   ,
JUNIKOWO (36),36,31,2/17,36/31/2/17,0.1237,Poznańskie Ośrodki Sportu i Rekreacji   ,
JUNIKOWO (36),36,28,8/5,36/28/8/5,0.0025,Zarząd Dróg Miejskich   ,
JUNIKOWO (36),36,32,42/5,36/32/42/5,0.0017,Zarząd Dróg Miejskich   ,
JUNIKOWO (36),36,30,3/1,36/30/3/1,0.0198,Zarząd Dróg Miejskich   ,
JUNIKOWO (36),36,31,4/1,36/31/4/1,0.0067,Zarząd Dróg Miejskich   ,
JUNIKOWO (36),36,10,29,36/10/29,0.529,Zarząd Dróg Miejskich   ,
JUNIKOWO (36),36,28,1/16,36/28/1/16,0.3461,Izba Administracji Skarbowej   ,
JUNIKOWO (36),36,05,19,36/05/19,0.6774,Zarząd Dróg Miejskich   ,
JUNIKOWO (36),36,33,2/11,36/33/2/11,0.0695,Centrum Kształcenia Zawodowego i Ustawicznego   ,
JUNIKOWO (36),36,31,1/4,36/31/1/4,9.1205,Poznańskie Ośrodki Sportu i Rekreacji   ,
JUNIKOWO (36),36,38,2/6,36/38/2/6,0.0018,Okręgowa Stacja Chemiczno-Rolnicza w Poznaniu   ,
JUNIKOWO (36),36,31,1/1,36/31/1/1,1.6714,Poznańskie Ośrodki Sportu i Rekreacji   ,
GÓRCZYN (35),35,06,2/5,35/06/2/5,0.0038,Zarząd Dróg Miejskich   ,
GÓRCZYN (35),35,02,142,35/02/142,0.0771,Zespół Szkół Budowlano-Drzewnych im.Bolesława Chrobrego   ,
GÓRCZYN (35),35,02,138,35/02/138,0.0412,Zespół Szkół Budowlano-Drzewnych im.Bolesława Chrobrego   ,
GÓRCZYN (35),35,02,143,35/02/143,0.022,Zespół Szkół Budowlano-Drzewnych im.Bolesława Chrobrego   ,
GÓRCZYN (35),35,02,141,35/02/141,0.1233,Zespół Szkół Budowlano-Drzewnych im.Bolesława Chrobrego   ,
GÓRCZYN (35),35,06,112/10,35/06/112/10,0.0117,Zarząd Dróg Miejskich   ,
GÓRCZYN (35),35,06,112/22,35/06/112/22,0.0127,Zarząd Dróg Miejskich   ,
GÓRCZYN (35),35,06,112/27,35/06/112/27,0.2872,Zarząd Dróg Miejskich   ,
GÓRCZYN (35),35,06,74/4,35/06/74/4,0.1067,Zarząd Dróg Miejskich   ,
GÓRCZYN (35),35,23,150/4,35/23/150/4,0.027,Zarząd Dróg Miejskich   ,
GÓRCZYN (35),35,02,144,35/02/144,0.0773,Zespół Szkół Budowlano-Drzewnych im.Bolesława Chrobrego   ,
GÓRCZYN (35),35,02,139,35/02/139,0.0696,Zespół Szkół Budowlano-Drzewnych im.Bolesława Chrobrego   ,
GÓRCZYN (35),35,05,128/87,35/05/128/87,0.0068,Zarząd Dróg Miejskich   ,
GÓRCZYN (35),35,05,128/52,35/05/128/52,0.0246,Zarząd Dróg Miejskich   ,
GÓRCZYN (35),35,05,128/45,35/05/128/45,0.0031,Zarząd Dróg Miejskich   ,
GÓRCZYN (35),35,06,112/2,35/06/112/2,0.0098,Zarząd Dróg Miejskich   ,
GÓRCZYN (35),35,02,131/6,35/02/131/6,0.017,Zespół Szkół Budowlano-Drzewnych im.Bolesława Chrobrego   ,
GÓRCZYN (35),35,06,105/1,35/06/105/1,0.0066,Zarząd Dróg Miejskich   ,
GÓRCZYN (35),35,02,137,35/02/137,0.0456,Zespół Szkół Budowlano-Drzewnych im.Bolesława Chrobrego   ,
GÓRCZYN (35),35,06,14/29,35/06/14/29,0.0065,Zarząd Dróg Miejskich   ,
GÓRCZYN (35),35,06,14/32,35/06/14/32,0.0072,Zarząd Dróg Miejskich   ,
GÓRCZYN (35),35,06,14/31,35/06/14/31,0.0118,Zarząd Dróg Miejskich   ,
GÓRCZYN (35),35,06,81/1,35/06/81/1,0.007,Zarząd Dróg Miejskich   ,
GÓRCZYN (35),35,06,82/1,35/06/82/1,0.0073,Zarząd Dróg Miejskich   ,
GÓRCZYN (35),35,06,84/1,35/06/84/1,0.0039,Zarząd Dróg Miejskich   ,
GÓRCZYN (35),35,05,128/107,35/05/128/107,0.0072,Zarząd Dróg Miejskich   ,
GÓRCZYN (35),35,05,128/102,35/05/128/102,0.0056,Zarząd Dróg Miejskich   ,
GÓRCZYN (35),35,05,128/103,35/05/128/103,0.009,Zarząd Dróg Miejskich   ,
GÓRCZYN (35),35,05,128/55,35/05/128/55,0.009,Zarząd Dróg Miejskich   ,
GÓRCZYN (35),35,05,128/88,35/05/128/88,0.2945,Zarząd Dróg Miejskich   ,
GÓRCZYN (35),35,06,2/6,35/06/2/6,0.0041,Zarząd Dróg Miejskich   ,
JUNIKOWO (36),36,39,66/4,36/39/66/4,0.55,Państwowe Liceum Sztuk Plastycznych im.Piotra Potworowskiego   ,
GÓRCZYN (35),35,05,97,35/05/97,0.1506,Szkoła Podstawowa nr 10 im. Arkadego Fiedlera   ,2017-11-15T02:00:00+01:00
GÓRCZYN (35),35,20,13/2,35/20/13/2,0.7574,Zarząd Dróg Miejskich   ,
GÓRCZYN (35),35,17,130/10,35/17/130/10,0.0554,"Przedszkole nr 1 ""Bajkowy Zamek""   ",
GÓRCZYN (35),35,06,112/24,35/06/112/24,0.0046,Zarząd Dróg Miejskich   ,
GÓRCZYN (35),35,20,47,35/20/47,2.4091,Zarząd Dróg Miejskich   ,
GÓRCZYN (35),35,13,218/8,35/13/218/8,0.0941,Zarząd Transportu Miejskiego w Poznaniu   ,
GÓRCZYN (35),35,13,93/19,35/13/93/19,0.1137,Zarząd Transportu Miejskiego w Poznaniu   ,
GÓRCZYN (35),35,03,5,35/03/5,0.2166,SZKOŁA PODSTAWOWA NR 80 IM. KORNELA MAKUSZYŃSKIEGO   ,
GÓRCZYN (35),35,13,217/7,35/13/217/7,0.0088,Zarząd Transportu Miejskiego w Poznaniu   ,
GÓRCZYN (35),35,13,217/6,35/13/217/6,0.4686,Zarząd Transportu Miejskiego w Poznaniu   ,
JUNIKOWO (36),36,10,23/40,36/10/23/40,0.1267,Zarząd Dróg Miejskich   ,
JUNIKOWO (36),36,19,3/88,36/19/3/88,0.0009,Zarząd Dróg Miejskich   ,
JUNIKOWO (36),36,19,3/89,36/19/3/89,0.0176,Zarząd Dróg Miejskich   ,
JUNIKOWO (36),36,24,43/113,36/24/43/113,0.289,Zarząd Zieleni Miejskiej   ,2018-06-22T04:00:00+02:00
JUNIKOWO (36),36,30,5/10,36/30/5/10,0.1422,Sąd Rejonowy Poznań - Grunwald i Jeżyce w Poznaniu   ,
JUNIKOWO (36),36,33,3,36/33/3,0.1037,Centrum Kształcenia Zawodowego i Ustawicznego   ,
GÓRCZYN (35),35,20,13/13,35/20/13/13,0.014,Zarząd Dróg Miejskich   ,
GÓRCZYN (35),35,06,112/15,35/06/112/15,0.0079,Zarząd Dróg Miejskich   ,
GÓRCZYN (35),35,17,131/9,35/17/131/9,0.3946,"Przedszkole nr 1 ""Bajkowy Zamek""   ",
GÓRCZYN (35),35,06,112/3,35/06/112/3,0.0091,Zarząd Dróg Miejskich   ,
GÓRCZYN (35),35,02,134/4,35/02/134/4,0.411,Zespół Szkół Budowlano-Drzewnych im.Bolesława Chrobrego   ,
GÓRCZYN (35),35,05,155/28,35/05/155/28,0.0022,Zarząd Dróg Miejskich   ,
GÓRCZYN (35),35,13,130/5,35/13/130/5,0.1379,Zarząd Transportu Miejskiego w Poznaniu   ,
GÓRCZYN (35),35,05,128/82,35/05/128/82,0.0102,Zarząd Dróg Miejskich   ,
GÓRCZYN (35),35,05,155/26,35/05/155/26,0.0059,Zarząd Dróg Miejskich   ,
GÓRCZYN (35),35,04,81/26,35/04/81/26,0.1757,Zarząd Dróg Miejskich   ,
GÓRCZYN (35),35,05,128/77,35/05/128/77,0.0053,Zarząd Dróg Miejskich   ,
GÓRCZYN (35),35,06,69/17,35/06/69/17,0.0046,Zarząd Dróg Miejskich   ,
GÓRCZYN (35),35,05,128/17,35/05/128/17,0.0106,Zarząd Dróg Miejskich   ,
GÓRCZYN (35),35,13,93/1,35/13/93/1,0.0252,Zarząd Transportu Miejskiego w Poznaniu   ,
GÓRCZYN (35),35,05,128/100,35/05/128/100,0.0045,Zarząd Dróg Miejskich   ,
GÓRCZYN (35),35,05,274/4,35/05/274/4,0.0085,Zarząd Dróg Miejskich   ,
GÓRCZYN (35),35,05,128/111,35/05/128/111,0.0025,Zarząd Dróg Miejskich   ,
GÓRCZYN (35),35,05,128/109,35/05/128/109,0.0053,Zarząd Dróg Miejskich   ,
GÓRCZYN (35),35,05,155/32,35/05/155/32,0.001,Zarząd Dróg Miejskich   ,
GÓRCZYN (35),35,05,155/37,35/05/155/37,0.0021,Zarząd Dróg Miejskich   ,
GÓRCZYN (35),35,05,128/9,35/05/128/9,0.0077,Zarząd Dróg Miejskich   ,
GÓRCZYN (35),35,05,103/2,35/05/103/2,0.04,Szkoła Podstawowa nr 10 im. Arkadego Fiedlera   ,2017-11-15T02:00:00+01:00
GÓRCZYN (35),35,03,6,35/03/6,0.0904,SZKOŁA PODSTAWOWA NR 80 IM. KORNELA MAKUSZYŃSKIEGO   ,
GÓRCZYN (35),35,20,2/9,35/20/2/9,0.2068,Zarząd Dróg Miejskich   ,
GÓRCZYN (35),35,20,2/11,35/20/2/11,0.0383,Zarząd Dróg Miejskich   ,
GÓRCZYN (35),35,20,3/4,35/20/3/4,0.2073,Zarząd Dróg Miejskich   ,
GÓRCZYN (35),35,05,96/2,35/05/96/2,0.0187,Szkoła Podstawowa nr 10 im. Arkadego Fiedlera   ,2017-11-15T02:00:00+01:00
GÓRCZYN (35),35,05,107/2,35/05/107/2,0.1476,Szkoła Podstawowa nr 10 im. Arkadego Fiedlera   ,2017-11-15T02:00:00+01:00
GÓRCZYN (35),35,05,101,35/05/101,0.2374,Szkoła Podstawowa nr 10 im. Arkadego Fiedlera   ,2017-11-15T02:00:00+01:00
GÓRCZYN (35),35,06,112/17,35/06/112/17,0.0119,Zarząd Dróg Miejskich   ,
GÓRCZYN (35),35,05,128/48,35/05/128/48,0.0099,Zarząd Dróg Miejskich   ,
GÓRCZYN (35),35,05,155/39,35/05/155/39,0.0066,Zarząd Dróg Miejskich   ,
GÓRCZYN (35),35,20,6/1,35/20/6/1,0.0639,Zarząd Dróg Miejskich   ,
GÓRCZYN (35),35,21,53/2,35/21/53/2,0.0884,Zarząd Zieleni Miejskiej   ,2017-01-05T02:00:00+01:00
GÓRCZYN (35),35,05,128/94,35/05/128/94,0.0699,Zarząd Dróg Miejskich   ,
GÓRCZYN (35),35,20,2/16,35/20/2/16,0.0267,Zarząd Dróg Miejskich   ,
GÓRCZYN (35),35,20,2/12,35/20/2/12,0.315,Zarząd Dróg Miejskich   ,
GÓRCZYN (35),35,05,155/31,35/05/155/31,0.0012,Zarząd Dróg Miejskich   ,
GÓRCZYN (35),35,06,2/7,35/06/2/7,0.0033,Zarząd Dróg Miejskich   ,
GÓRCZYN (35),35,06,69/19,35/06/69/19,0.0098,Zarząd Dróg Miejskich   ,
GÓRCZYN (35),35,13,130/3,35/13/130/3,0.0307,Zarząd Transportu Miejskiego w Poznaniu   ,
GÓRCZYN (35),35,05,90/2,35/05/90/2,0.036,Szkoła Podstawowa nr 10 im. Arkadego Fiedlera   ,2017-11-15T02:00:00+01:00
GÓRCZYN (35),35,05,91,35/05/91,0.043,Szkoła Podstawowa nr 10 im. Arkadego Fiedlera   ,2017-11-15T02:00:00+01:00
GÓRCZYN (35),35,05,128/47,35/05/128/47,0.0105,Zarząd Dróg Miejskich   ,
GÓRCZYN (35),35,06,112/19,35/06/112/19,0.0095,Zarząd Dróg Miejskich   ,
GÓRCZYN (35),35,05,128/65,35/05/128/65,0.0176,Zarząd Dróg Miejskich   ,
GÓRCZYN (35),35,06,2/8,35/06/2/8,0.0076,Zarząd Dróg Miejskich   ,
GÓRCZYN (35),35,01,26/3,35/01/26/3,0.4054,Przedszkole nr 13   ,
GÓRCZYN (35),35,06,37/8,35/06/37/8,0.0062,Zarząd Dróg Miejskich   ,
GÓRCZYN (35),35,05,128/72,35/05/128/72,0.0071,Zarząd Dróg Miejskich   ,
GÓRCZYN (35),35,05,155/12,35/05/155/12,0.0012,Zarząd Dróg Miejskich   ,
GÓRCZYN (35),35,06,80/2,35/06/80/2,0.0256,Szkoła Podstawowa nr 10 im. Arkadego Fiedlera   ,
GÓRCZYN (35),35,05,128/61,35/05/128/61,0.0066,Zarząd Dróg Miejskich   ,
GÓRCZYN (35),35,05,155/35,35/05/155/35,0.0016,Zarząd Dróg Miejskich   ,
GÓRCZYN (35),35,05,128/68,35/05/128/68,0.0085,Zarząd Dróg Miejskich   ,
GÓRCZYN (35),35,20,46,35/20/46,1.5336,Zarząd Dróg Miejskich   ,
GÓRCZYN (35),35,06,74/6,35/06/74/6,0.0018,Zarząd Dróg Miejskich   ,
GÓRCZYN (35),35,06,74/5,35/06/74/5,0.0016,Zarząd Dróg Miejskich   ,
JUNIKOWO (36),36,07,46/1,36/07/46/1,0.0336,Zarząd Dróg Miejskich   ,
JUNIKOWO (36),36,19,2/8,36/19/2/8,0.0239,Zarząd Dróg Miejskich   ,
JUNIKOWO (36),36,19,3/81,36/19/3/81,0.0047,Zarząd Dróg Miejskich   ,
JUNIKOWO (36),36,24,46/2,36/24/46/2,0.2674,Szkoła Podstawowa nr 54 im.Jana Kasprowicza   ,
JUNIKOWO (36),36,21,6/2,36/21/6/2,2.8816,Zarząd Zieleni Miejskiej   ,
JUNIKOWO (36),36,28,9/2,36/28/9/2,0.1323,Zarząd Dróg Miejskich   ,
JUNIKOWO (36),36,52,2/1,36/52/2/1,0.1337,Zarząd Dróg Miejskich   ,
JUNIKOWO (36),36,09,10/19,36/09/10/19,0.0204,Zarząd Dróg Miejskich   ,
JUNIKOWO (36),36,09,10/32,36/09/10/32,0.0772,Zarząd Dróg Miejskich   ,
JUNIKOWO (36),36,05,2/1,36/05/2/1,0.0345,Zarząd Dróg Miejskich   ,
JUNIKOWO (36),36,10,26/42,36/10/26/42,0.0855,Zarząd Dróg Miejskich   ,
JUNIKOWO (36),36,07,44/1,36/07/44/1,0.006,Zarząd Dróg Miejskich   ,
JUNIKOWO (36),36,10,26/50,36/10/26/50,0.0406,Zarząd Dróg Miejskich   ,
JUNIKOWO (36),36,19,3/70,36/19/3/70,0.0113,Zarząd Dróg Miejskich   ,
JUNIKOWO (36),36,09,24,36/09/24,1.8164,Zarząd Dróg Miejskich   ,
JUNIKOWO (36),36,09,18/2,36/09/18/2,0.021,Zarząd Dróg Miejskich   ,
JUNIKOWO (36),36,19,5/4,36/19/5/4,0.0697,Zarząd Dróg Miejskich   ,
JUNIKOWO (36),36,09,10/38,36/09/10/38,0.2037,Zarząd Dróg Miejskich   ,
JUNIKOWO (36),36,09,10/37,36/09/10/37,0.2441,Zarząd Dróg Miejskich   ,
JUNIKOWO (36),36,09,10/42,36/09/10/42,0.0249,Zarząd Dróg Miejskich   ,
JUNIKOWO (36),36,09,10/41,36/09/10/41,0.0431,Zarząd Dróg Miejskich   ,
JUNIKOWO (36),36,09,12/3,36/09/12/3,0.3538,Zarząd Dróg Miejskich   ,
JUNIKOWO (36),36,30,10/1,36/30/10/1,0.1371,Zarząd Dróg Miejskich   ,
JUNIKOWO (36),36,19,4,36/19/4,0.01,Zarząd Dróg Miejskich   ,
JUNIKOWO (36),36,33,11/29,36/33/11/29,0.4202,Centrum Kształcenia Zawodowego i Ustawicznego   ,
GÓRCZYN (35),35,06,112/1,35/06/112/1,0.0161,Zarząd Dróg Miejskich   ,
GÓRCZYN (35),35,05,128/44,35/05/128/44,0.0077,Zarząd Dróg Miejskich   ,2017-07-24T04:00:00+02:00
JUNIKOWO (36),36,07,45/1,36/07/45/1,0.0131,Zarząd Dróg Miejskich   ,
GÓRCZYN (35),35,09,29/2,35/09/29/2,0.1915,Zarząd Dróg Miejskich   ,
GÓRCZYN (35),35,05,155/22,35/05/155/22,0.0058,Zarząd Dróg Miejskich   ,
GÓRCZYN (35),35,05,128/54,35/05/128/54,0.0077,Zarząd Dróg Miejskich   ,
GÓRCZYN (35),35,02,136/2,35/02/136/2,0.0947,Zespół Szkół Budowlano-Drzewnych im.Bolesława Chrobrego   ,
GÓRCZYN (35),35,03,8,35/03/8,0.0031,SZKOŁA PODSTAWOWA NR 80 IM. KORNELA MAKUSZYŃSKIEGO   ,
GÓRCZYN (35),35,05,92,35/05/92,0.0441,Szkoła Podstawowa nr 10 im. Arkadego Fiedlera   ,2017-11-15T02:00:00+01:00
GÓRCZYN (35),35,24,67/1,35/24/67/1,0.2059,Zarząd Dróg Miejskich   ,
GÓRCZYN (35),35,05,128/57,35/05/128/57,0.0093,Zarząd Dróg Miejskich   ,
GÓRCZYN (35),35,06,69/24,35/06/69/24,0.396,Zarząd Dróg Miejskich   ,
GÓRCZYN (35),35,05,106,35/05/106,0.0306,Szkoła Podstawowa nr 10 im. Arkadego Fiedlera   ,
GÓRCZYN (35),35,05,155/27,35/05/155/27,0.0044,Zarząd Dróg Miejskich   ,
GÓRCZYN (35),35,20,4/2,35/20/4/2,0.165,Zarząd Dróg Miejskich   ,
GÓRCZYN (35),35,20,9/14,35/20/9/14,0.0055,Zarząd Dróg Miejskich   ,
GÓRCZYN (35),35,05,85/2,35/05/85/2,0.0162,Szkoła Podstawowa nr 10 im. Arkadego Fiedlera   ,2017-11-15T02:00:00+01:00
GÓRCZYN (35),35,09,27/8,35/09/27/8,0.4434,Zarząd Dróg Miejskich   ,
GÓRCZYN (35),35,20,7/1,35/20/7/1,0.0664,Zarząd Dróg Miejskich   ,
GÓRCZYN (35),35,22,84/2,35/22/84/2,0.7126,Zarząd Zieleni Miejskiej   ,
GÓRCZYN (35),35,05,86/4,35/05/86/4,0.0946,Szkoła Podstawowa nr 10 im. Arkadego Fiedlera   ,2017-11-15T02:00:00+01:00
JUNIKOWO (36),36,19,1/5,36/19/1/5,0.1053,Zarząd Dróg Miejskich   ,
JUNIKOWO (36),36,19,2/10,36/19/2/10,0.0016,Zarząd Dróg Miejskich   ,
JUNIKOWO (36),36,19,2/9,36/19/2/9,0.0032,Zarząd Dróg Miejskich   ,
JUNIKOWO (36),36,19,2/7,36/19/2/7,0.0036,Zarząd Dróg Miejskich   ,
GÓRCZYN (35),35,25,13/2,35/25/13/2,0.0779,Zarząd Dróg Miejskich   ,
GÓRCZYN (35),35,06,112/20,35/06/112/20,0.0071,Zarząd Dróg Miejskich   ,
GÓRCZYN (35),35,06,69/18,35/06/69/18,0.0082,Zarząd Dróg Miejskich   ,
GÓRCZYN (35),35,05,102/2,35/05/102/2,0.0831,Szkoła Podstawowa nr 10 im. Arkadego Fiedlera   ,2017-11-15T02:00:00+01:00
GÓRCZYN (35),35,02,132,35/02/132,0.0178,Zespół Szkół Budowlano-Drzewnych im.Bolesława Chrobrego   ,
GÓRCZYN (35),35,02,133,35/02/133,0.042,Zespół Szkół Budowlano-Drzewnych im.Bolesława Chrobrego   ,
GÓRCZYN (35),35,05,95/2,35/05/95/2,0.1374,Szkoła Podstawowa nr 10 im. Arkadego Fiedlera   ,2017-11-15T02:00:00+01:00
GÓRCZYN (35),35,05,128/71,35/05/128/71,0.0009,Zarząd Dróg Miejskich   ,
GÓRCZYN (35),35,05,155/15,35/05/155/15,0.0009,Zarząd Dróg Miejskich   ,
GÓRCZYN (35),35,05,128/11,35/05/128/11,0.0114,Zarząd Dróg Miejskich   ,
GÓRCZYN (35),35,05,257/2,35/05/257/2,0.3433,Prezydent Miasta Poznania   ,
GÓRCZYN (35),35,05,128/8,35/05/128/8,0.0172,Zarząd Dróg Miejskich   ,
GÓRCZYN (35),35,05,128/67,35/05/128/67,0.0146,Zarząd Dróg Miejskich   ,
GÓRCZYN (35),35,05,128/58,35/05/128/58,0.0114,Zarząd Dróg Miejskich   ,
GÓRCZYN (35),35,02,131/4,35/02/131/4,0.0022,Zespół Szkół Budowlano-Drzewnych im.Bolesława Chrobrego   ,
GÓRCZYN (35),35,13,130/4,35/13/130/4,0.0358,Zarząd Transportu Miejskiego w Poznaniu   ,
GÓRCZYN (35),35,05,198/10,35/05/198/10,0.0016,Zarząd Dróg Miejskich   ,
GÓRCZYN (35),35,06,79/1,35/06/79/1,0.0133,Zarząd Dróg Miejskich   ,
GÓRCZYN (35),35,06,83/1,35/06/83/1,0.005,Zarząd Dróg Miejskich   ,
GÓRCZYN (35),35,05,155/38,35/05/155/38,0.0025,Zarząd Dróg Miejskich   ,
JUNIKOWO (36),36,33,4/20,36/33/4/20,1.533,Centrum Kształcenia Zawodowego i Ustawicznego   ,
JUNIKOWO (36),36,19,3/87,36/19/3/87,0.0316,Zarząd Dróg Miejskich   ,
JUNIKOWO (36),36,38,4/13,36/38/4/13,0.0037,Okręgowa Stacja Chemiczno-Rolnicza w Poznaniu   ,
JUNIKOWO (36),36,38,4/14,36/38/4/14,0.4641,Okręgowa Stacja Chemiczno-Rolnicza w Poznaniu   ,
JUNIKOWO (36),36,19,3/82,36/19/3/82,0.009,Zarząd Dróg Miejskich   ,
JUNIKOWO (36),36,19,3/79,36/19/3/79,0.0103,Zarząd Dróg Miejskich   ,
JUNIKOWO (36),36,19,3/80,36/19/3/80,0.0471,Zarząd Dróg Miejskich   ,
JUNIKOWO (36),36,19,3/83,36/19/3/83,0.0139,Zarząd Dróg Miejskich   ,
JUNIKOWO (36),36,19,3/84,36/19/3/84,0.0403,Zarząd Dróg Miejskich   ,
JUNIKOWO (36),36,19,3/86,36/19/3/86,0.0321,Zarząd Dróg Miejskich   ,
JUNIKOWO (36),36,19,3/85,36/19/3/85,0.041,Zarząd Dróg Miejskich   ,
JUNIKOWO (36),36,10,26/1,36/10/26/1,0.75,Zarząd Dróg Miejskich   ,
GÓRCZYN (35),35,06,112/12,35/06/112/12,0.0112,Zarząd Dróg Miejskich   ,
GÓRCZYN (35),35,05,105,35/05/105,0.0239,Szkoła Podstawowa nr 10 im. Arkadego Fiedlera   ,2017-11-15T02:00:00+01:00
GÓRCZYN (35),35,02,140,35/02/140,0.0998,Zespół Szkół Budowlano-Drzewnych im.Bolesława Chrobrego   ,
JUNIKOWO (36),36,32,41/19,36/32/41/19,0.0083,Zarząd Dróg Miejskich   ,
JUNIKOWO (36),36,10,26/40,36/10/26/40,0.0547,Zarząd Dróg Miejskich   ,
JUNIKOWO (36),36,19,3/65,36/19/3/65,0.0621,Zarząd Dróg Miejskich   ,
JUNIKOWO (36),36,19,3/61,36/19/3/61,0.0727,Zarząd Dróg Miejskich   ,
JUNIKOWO (36),36,19,3/62,36/19/3/62,0.0818,Zarząd Dróg Miejskich   ,
JUNIKOWO (36),36,19,3/60,36/19/3/60,0.4519,Zarząd Dróg Miejskich   ,
JUNIKOWO (36),36,19,3/59,36/19/3/59,0.6068,Zarząd Dróg Miejskich   ,
JUNIKOWO (36),36,19,3/68,36/19/3/68,0.0396,Zarząd Dróg Miejskich   ,
JUNIKOWO (36),36,19,3/67,36/19/3/67,0.0418,Zarząd Dróg Miejskich   ,
JUNIKOWO (36),36,19,3/69,36/19/3/69,0.0426,Zarząd Dróg Miejskich   ,
JUNIKOWO (36),36,19,3/64,36/19/3/64,0.2044,Zarząd Dróg Miejskich   ,
JUNIKOWO (36),36,19,3/63,36/19/3/63,0.0284,Zarząd Dróg Miejskich   ,
JUNIKOWO (36),36,19,3/73,36/19/3/73,0.1073,Zarząd Dróg Miejskich   ,
JUNIKOWO (36),36,19,3/74,36/19/3/74,0.0843,Zarząd Dróg Miejskich   ,
JUNIKOWO (36),36,19,3/75,36/19/3/75,0.0196,Zarząd Dróg Miejskich   ,
JUNIKOWO (36),36,19,1/2,36/19/1/2,0.315,Zarząd Dróg Miejskich   ,
JUNIKOWO (36),36,05,13/4,36/05/13/4,1.0053,Zarząd Dróg Miejskich   ,
JUNIKOWO (36),36,05,13/3,36/05/13/3,0.2719,Zarząd Dróg Miejskich   ,
JUNIKOWO (36),36,19,1/4,36/19/1/4,0.0121,Zarząd Dróg Miejskich   ,
JUNIKOWO (36),36,19,6/12,36/19/6/12,0.1993,Zarząd Dróg Miejskich   ,
JUNIKOWO (36),36,19,6/13,36/19/6/13,0.376,Zarząd Dróg Miejskich   ,
JUNIKOWO (36),36,19,5/3,36/19/5/3,0.0922,Zarząd Dróg Miejskich   ,
JUNIKOWO (36),36,09,25,36/09/25,0.1826,Zarząd Dróg Miejskich   ,
JUNIKOWO (36),36,09,10/20,36/09/10/20,0.0019,Zarząd Dróg Miejskich   ,
JUNIKOWO (36),36,21,5,36/21/5,1.4284,Zarząd Zieleni Miejskiej   ,
GÓRCZYN (35),35,06,111/9,35/06/111/9,0.2183,Zarząd Dróg Miejskich   ,
JUNIKOWO (36),36,31,2/19,36/31/2/19,0.3584,Poznańskie Ośrodki Sportu i Rekreacji   ,
JUNIKOWO (36),36,32,42/3,36/32/42/3,0.2036,Poznańskie Ośrodki Sportu i Rekreacji   ,
JUNIKOWO (36),36,19,6/8,36/19/6/8,0.0225,Zarząd Dróg Miejskich   ,
JUNIKOWO (36),36,28,9/4,36/28/9/4,0.0214,Zarząd Dróg Miejskich   ,
JUNIKOWO (36),36,05,3/3,36/05/3/3,0.0364,Zarząd Dróg Miejskich   ,
ŁAZARZ (39),39,17,4/11,39/17/4/11,0.58,Zespół Szkół Specjalistycznych nr 103 w Poznaniu   ,
ŁAZARZ (39),39,08,23,39/08/23,0.1419,II Liceum Ogólnokształcące im. Generałowej Zamoyskiej i Heleny Modrzejewskiej   ,
ŁAZARZ (39),39,13,100,39/13/100,0.0672,Główny Inspektorat Jakości Handlowej Artykułów Rolno-Spożywczych z siedzibą w Warszawie   ,
ŁAZARZ (39),39,31,92/1,39/31/92/1,0.021,Prezydent Miasta Poznania   ,
ŁAZARZ (39),39,04,4/116,39/04/4/116,0.9084,Zespół Szkół Elektrycznych nr 2 w Poznaniu   ,
ŁAZARZ (39),39,25,8/2,39/25/8/2,0.8406,Poradnia Psychologiczno-Pedagogiczna nr 2   ,2023-01-05T02:00:00+01:00
ŁAZARZ (39),39,25,8/2,39/25/8/2,0.8406,Szkoła Podstawowa nr 90 im. hr. Władysława Zamoyskiego   ,2023-01-05T02:00:00+01:00
ŁAZARZ (39),39,08,43,39/08/43,0.0649,Zespół Dziennych Domów Pomocy   ,
ŁAZARZ (39),39,13,99,39/13/99,0.0678,Główny Inspektorat Jakości Handlowej Artykułów Rolno-Spożywczych z siedzibą w Warszawie   ,
ŁAZARZ (39),39,15,54/1,39/15/54/1,0.0244,Komenda Wojewódzka Policji w Poznaniu   ,
ŁAZARZ (39),39,15,79,39/15/79,0.04,Komenda Wojewódzka Policji w Poznaniu   ,
ŁAZARZ (39),39,14,3/1,39/14/3/1,0.0005,Zarząd Transportu Miejskiego w Poznaniu   ,
ŁAZARZ (39),39,17,25/2,39/17/25/2,0.0648,Zespół Szkół Ekonomicznych im Stanisława Staszica    ,
ŁAZARZ (39),39,08,32,39/08/32,0.4018,Komenda Miejska Państwowej Straży Pożarnej w Poznaniu   ,
ŁAZARZ (39),39,29,20/54,39/29/20/54,0.2726,"Przedszkole Nr 32 ""Świerszczykowe Nutki""   ",
ŁAZARZ (39),39,14,5/1,39/14/5/1,0.0024,Zarząd Transportu Miejskiego w Poznaniu   ,
ŁAZARZ (39),39,15,85/2,39/15/85/2,0.001,Komenda Wojewódzka Policji w Poznaniu   ,
ŁAZARZ (39),39,20,41,39/20/41,0.8272,Szkoła Podstawowa nr 74 im. Mikołaja Kopernika   ,
ŁAZARZ (39),39,20,41,39/20/41,0.8272,Szkoła Podstawowa nr 74 im. Mikołaja Kopernika   ,
ŁAZARZ (39),39,17,9/1,39/17/9/1,0.0046,Zespół Szkół Gastronomicznych im.Karola Libelta   ,
ŁAZARZ (39),39,14,4/1,39/14/4/1,0.0038,Zarząd Transportu Miejskiego w Poznaniu   ,
ŁAZARZ (39),39,14,4/2,39/14/4/2,0.0183,Zarząd Transportu Miejskiego w Poznaniu   ,
ŁAZARZ (39),39,29,20/37,39/29/20/37,0.2221,Zespół Szkół Ogólnokształcących nr 33   ,
ŁAZARZ (39),39,34,128/1,39/34/128/1,0.0116,Szkoła Podstawowa nr 77 im. 15 Pułku Ułanów Poznańskich   ,
PLEWISKA (41),41,12,315/5,41/12/315/5,0.0862,Zarząd Dróg Miejskich   ,
ŁAZARZ (39),39,02,4/84,39/02/4/84,0.3894,Przedszkole nr 118 im. Ewy Szelburg-Zarembiny   ,
PLEWISKA (41),41,10,608/16,41/10/608/16,0.0907,Zarząd Dróg Miejskich   ,
PLEWISKA (41),41,10,164/9,41/10/164/9,0.0602,Zarząd Dróg Miejskich   ,
PLEWISKA (41),41,10,346/2,41/10/346/2,0.4288,Zarząd Dróg Miejskich   ,
ŁAZARZ (39),39,34,130/1,39/34/130/1,0.0159,Szkoła Podstawowa nr 77 im. 15 Pułku Ułanów Poznańskich   ,
ŁAZARZ (39),39,34,129/2,39/34/129/2,0.0534,Szkoła Podstawowa nr 77 im. 15 Pułku Ułanów Poznańskich   ,
ŁAZARZ (39),39,34,133/2,39/34/133/2,0.0389,Szkoła Podstawowa nr 77 im. 15 Pułku Ułanów Poznańskich   ,
ŁAZARZ (39),39,34,133/3,39/34/133/3,0.032,Szkoła Podstawowa nr 77 im. 15 Pułku Ułanów Poznańskich   ,
ŁAZARZ (39),39,34,126/2,39/34/126/2,0.1747,XXXVII Liceum Ogólnokształcące z Oddziałami Terapeutycznymi   ,2017-12-01T02:00:00+01:00
ŁAZARZ (39),39,22,2/6,39/22/2/6,0.798,Przedszkole nr 46   ,
ŁAZARZ (39),39,02,52/39,39/02/52/39,0.2326,"Przedszkole nr 100 ""Mali Poznaniacy""   ",
ŁAZARZ (39),39,15,56/1,39/15/56/1,0.0092,Komenda Wojewódzka Policji w Poznaniu   ,
ŁAZARZ (39),39,15,82,39/15/82,0.0147,Komenda Wojewódzka Policji w Poznaniu   ,
ŁAZARZ (39),39,11,54/1,39/11/54/1,0.0087,Usługi Komunalne   ,
NARAMOWICE (50),50,11,29/132,50/11/29/132,0.3621,Zespół Szkół im.Jadwigi i Władysława Zamoyskich   ,
ŁAZARZ (39),39,29,20/56,39/29/20/56,0.1035,Zespół Szkół Ogólnokształcących nr 33   ,
ŁAZARZ (39),39,02,52/46,39/02/52/46,0.9468,Zespół Szkół Specjalnych nr 101 im.Jana Brzechwy   ,
ŁAZARZ (39),39,12,33/1,39/12/33/1,0.0629,Zarząd Transportu Miejskiego w Poznaniu   ,
ŁAZARZ (39),39,29,14/2,39/29/14/2,1.5198,Młodzieżowy Dom Kultury Nr 3   ,
ŁAZARZ (39),39,29,14/2,39/29/14/2,1.5198,Zespół Szkół Ogólnokształcących nr 33   ,
ŁAZARZ (39),39,30,19,39/30/19,0.0888,Poznański Zespół Żłobków   ,
ŁAZARZ (39),39,02,46/28,39/02/46/28,0.0763,Przedszkole nr 5   ,
ŁAZARZ (39),39,14,3/5,39/14/3/5,0.0136,Zarząd Transportu Miejskiego w Poznaniu   ,
ŁAZARZ (39),39,14,4/4,39/14/4/4,0.0048,Zarząd Transportu Miejskiego w Poznaniu   ,
ŁAZARZ (39),39,11,53/6,39/11/53/6,0.0435,PALMIARNIA POZNAŃSKA   ,
ŁAZARZ (39),39,04,20/54,39/04/20/54,0.1397,Zespół Szkół Geodezyjno-Drogowych   ,
ŁAZARZ (39),39,13,66/7,39/13/66/7,0.1145,Poznański Zespół Żłobków   ,
ŁAZARZ (39),39,29,22,39/29/22,0.08,Zespół Szkół Ogólnokształcących nr 33   ,
ŁAZARZ (39),39,29,20/21,39/29/20/21,0.08,Zespół Szkół Ogólnokształcących nr 33   ,
ŁAZARZ (39),39,08,25,39/08/25,0.1102,II Liceum Ogólnokształcące im. Generałowej Zamoyskiej i Heleny Modrzejewskiej   ,
ŁAZARZ (39),39,33,121/1,39/33/121/1,0.3691,Przedszkole nr 44 im. Janusza Korczaka   ,
ŁAZARZ (39),39,34,137,39/34/137,0.0012,XXXVII Liceum Ogólnokształcące z Oddziałami Terapeutycznymi   ,2017-12-01T02:00:00+01:00
ŁAZARZ (39),39,04,2/45,39/04/2/45,0.3677,Przedszkole nr 110   ,
PLEWISKA (41),41,08,538/28,41/08/538/28,0.0089,Zarząd Dróg Miejskich   ,
PLEWISKA (41),41,08,538/26,41/08/538/26,0.0006,Zarząd Dróg Miejskich   ,
PLEWISKA (41),41,08,538/23,41/08/538/23,0.0447,Zarząd Dróg Miejskich   ,
ŁAZARZ (39),39,13,66/6,39/13/66/6,0.072,Poznański Zespół Żłobków   ,
ŁAZARZ (39),39,20,40/2,39/20/40/2,0.1984,Szkoła Podstawowa nr 74 im. Mikołaja Kopernika   ,
ŁAZARZ (39),39,20,40/2,39/20/40/2,0.1984,Szkoła Podstawowa nr 74 im. Mikołaja Kopernika   ,
NARAMOWICE (50),50,12,4/4,50/12/4/4,0.5829,Zarząd Dróg Miejskich   ,
NARAMOWICE (50),50,12,6/2,50/12/6/2,0.3194,Zarząd Dróg Miejskich   ,
NARAMOWICE (50),50,12,3/2,50/12/3/2,0.0011,Zarząd Dróg Miejskich   ,
NARAMOWICE (50),50,24,1/34,50/24/1/34,0.069,Szkoła Podstawowa nr 48 im.Gen.Oswalda Franka   ,
NARAMOWICE (50),50,25,9/36,50/25/9/36,0.2591,Krajowe Centrum Hodowli Zwierząt w Warszawie   ,
NARAMOWICE (50),50,25,10/3,50/25/10/3,0.0331,Krajowe Centrum Hodowli Zwierząt w Warszawie   ,
NARAMOWICE (50),50,18,31/9,50/18/31/9,0.0352,Zarząd Dróg Miejskich   ,2018-04-25T04:00:00+02:00
NARAMOWICE (50),50,18,31/8,50/18/31/8,0.0964,Zarząd Dróg Miejskich   ,2018-04-25T04:00:00+02:00
NARAMOWICE (50),50,18,31/10,50/18/31/10,0.0977,Zarząd Dróg Miejskich   ,2018-04-25T04:00:00+02:00
ŁAZARZ (39),39,17,4/18,39/17/4/18,0.0555,Zespół Szkół Gastronomicznych im.Karola Libelta   ,
ŁAZARZ (39),39,17,8/22,39/17/8/22,0.9177,Zespół Szkół Specjalnych nr 103 im. Marii Grzegorzewskiej   ,2017-07-13T04:00:00+02:00
ŁAZARZ (39),39,12,8/1,39/12/8/1,0.0004,Generalna Dyrekcja Dróg Krajowych i Autostrad Oddział w Poznaniu   ,
ŁAZARZ (39),39,17,24,39/17/24,0.5632,Zespół Szkół Ekonomicznych im Stanisława Staszica    ,
ŁAZARZ (39),39,34,134,39/34/134,0.0034,XXXVII Liceum Ogólnokształcące z Oddziałami Terapeutycznymi   ,2017-12-01T02:00:00+01:00
ŁAZARZ (39),39,11,36/4,39/11/36/4,0.0094,PALMIARNIA POZNAŃSKA   ,
ŁAZARZ (39),39,04,2/65,39/04/2/65,0.1681,Zarząd Zieleni Miejskiej   ,2017-06-02T04:00:00+02:00
ŁAZARZ (39),39,34,136,39/34/136,0.0472,XXXVII Liceum Ogólnokształcące z Oddziałami Terapeutycznymi   ,2017-12-01T02:00:00+01:00
ŁAZARZ (39),39,12,7,39/12/7,0.0301,Generalna Dyrekcja Dróg Krajowych i Autostrad Oddział w Poznaniu   ,
ŁAZARZ (39),39,34,131/1,39/34/131/1,0.0001,Szkoła Podstawowa nr 77 im. 15 Pułku Ułanów Poznańskich   ,
ŁAZARZ (39),39,25,7/6,39/25/7/6,0.3495,Poradnia Psychologiczno-Pedagogiczna nr 2   ,2023-01-05T02:00:00+01:00
ŁAZARZ (39),39,25,7/6,39/25/7/6,0.3495,Szkoła Podstawowa nr 90 im. hr. Władysława Zamoyskiego   ,2023-01-05T02:00:00+01:00
ŁAZARZ (39),39,34,142,39/34/142,0.0008,XXXVII Liceum Ogólnokształcące z Oddziałami Terapeutycznymi   ,2017-12-01T02:00:00+01:00
NARAMOWICE (50),50,24,1/96,50/24/1/96,0.0382,Szkoła Podstawowa nr 48 im.Gen.Oswalda Franka   ,
ŁAZARZ (39),39,34,130/2,39/34/130/2,0.1173,Szkoła Podstawowa nr 77 im. 15 Pułku Ułanów Poznańskich   ,
ŁAZARZ (39),39,34,133/1,39/34/133/1,0.0118,Szkoła Podstawowa nr 77 im. 15 Pułku Ułanów Poznańskich   ,
ŁAZARZ (39),39,25,3/1,39/25/3/1,0.2291,Komenda Wojewódzka Policji w Poznaniu   ,2017-08-22T04:00:00+02:00
ŁAZARZ (39),39,25,2/1,39/25/2/1,0.2651,Komenda Wojewódzka Policji w Poznaniu   ,
ŁAZARZ (39),39,22,4/22,39/22/4/22,0.0569,Zarząd Zieleni Miejskiej   ,2018-02-20T02:00:00+01:00
ŁAZARZ (39),39,11,48/9,39/11/48/9,0.118,PALMIARNIA POZNAŃSKA   ,
PLEWISKA (41),41,11,301/5,41/11/301/5,0.0008,Zarząd Dróg Miejskich   ,
PLEWISKA (41),41,10,301/6,41/10/301/6,0.012,Zarząd Dróg Miejskich   ,
PLEWISKA (41),41,10,329/3,41/10/329/3,0.0008,Zarząd Dróg Miejskich   ,
PLEWISKA (41),41,08,538/9,41/08/538/9,0.0842,Zarząd Dróg Miejskich   ,
ŁAZARZ (39),39,17,27,39/17/27,0.0567,Zespół Szkół Ekonomicznych im Stanisława Staszica    ,
ŁAZARZ (39),39,06,140,39/06/140,0.1027,Przedszkole nr 58   ,
ŁAZARZ (39),39,17,20/2,39/17/20/2,0.1781,Zespół Szkół Ekonomicznych im Stanisława Staszica    ,
ŁAZARZ (39),39,34,146/2,39/34/146/2,0.0412,XXXVII Liceum Ogólnokształcące z Oddziałami Terapeutycznymi   ,2017-12-01T02:00:00+01:00
ŁAZARZ (39),39,17,4/2,39/17/4/2,0.1141,Zespół Szkół Gastronomicznych im.Karola Libelta   ,
ŁAZARZ (39),39,17,4/16,39/17/4/16,0.3061,Zespół Szkół Gastronomicznych im.Karola Libelta   ,
NARAMOWICE (50),50,18,30/8,50/18/30/8,0.0084,Zarząd Dróg Miejskich   ,2018-04-25T04:00:00+02:00
NARAMOWICE (50),50,09,62/2,50/09/62/2,0.0715,Szkoła Podstawowa nr 60 im. W. Bogusławskiego   ,
NARAMOWICE (50),50,09,61/1,50/09/61/1,0.4207,Szkoła Podstawowa nr 60 im. W. Bogusławskiego   ,
ŁAZARZ (39),39,34,139,39/34/139,0.0309,XXXVII Liceum Ogólnokształcące z Oddziałami Terapeutycznymi   ,2017-12-01T02:00:00+01:00
NARAMOWICE (50),50,27,8/22,50/27/8/22,0.2423,Krajowe Centrum Hodowli Zwierząt w Warszawie   ,
ŁAZARZ (39),39,34,132,39/34/132,0.2119,Szkoła Podstawowa nr 77 im. 15 Pułku Ułanów Poznańskich   ,
ŁAZARZ (39),39,02,71/2,39/02/71/2,0.222,"Przedszkole nr 100 ""Mali Poznaniacy""   ",
ŁAZARZ (39),39,02,71/3,39/02/71/3,0.0034,"Przedszkole nr 100 ""Mali Poznaniacy""   ",
ŁAZARZ (39),39,02,46/32,39/02/46/32,0.155,Przedszkole nr 5   ,
ŁAZARZ (39),39,17,19,39/17/19,0.2178,Zespół Szkół Ekonomicznych im Stanisława Staszica    ,
ŁAZARZ (39),39,08,29/1,39/08/29/1,0.315,Komenda Miejska Państwowej Straży Pożarnej w Poznaniu   ,
ŁAZARZ (39),39,12,9/1,39/12/9/1,0.0268,Generalna Dyrekcja Dróg Krajowych i Autostrad Oddział w Poznaniu   ,
ŁAZARZ (39),39,29,20/28,39/29/20/28,0.1533,Zespół Szkół Ogólnokształcących nr 33   ,
ŁAZARZ (39),39,29,21/4,39/29/21/4,0.6174,Zespół Szkół Ogólnokształcących nr 33   ,
ŁAZARZ (39),39,11,26/5,39/11/26/5,0.0198,PALMIARNIA POZNAŃSKA   ,
ŁAZARZ (39),39,36,62,39/36/62,0.0667,Poznański Zespół Żłobków   ,
ŁAZARZ (39),39,11,26/4,39/11/26/4,0.1128,PALMIARNIA POZNAŃSKA   ,
ŁAZARZ (39),39,02,52/105,39/02/52/105,0.0564,"Centrum Wsparcia Rodzin ""Swoboda""   ",
ŁAZARZ (39),39,25,4/1,39/25/4/1,0.0002,Komenda Wojewódzka Policji w Poznaniu   ,
ŁAZARZ (39),39,02,46/31,39/02/46/31,0.0309,Przedszkole nr 5   ,
ŁAZARZ (39),39,36,93/13,39/36/93/13,1.0895,Zespół Szkół nr 8   ,
ŁAZARZ (39),39,17,8/19,39/17/8/19,0.274,"Przedszkole nr 40 ""Poznańskie Koziołki""   ",
NARAMOWICE (50),50,18,35/1,50/18/35/1,0.008,Zarząd Dróg Miejskich   ,2018-04-25T04:00:00+02:00
NARAMOWICE (50),50,18,30/15,50/18/30/15,0.0079,Zarząd Dróg Miejskich   ,2018-04-25T04:00:00+02:00
NARAMOWICE (50),50,18,30/13,50/18/30/13,0.0085,Zarząd Dróg Miejskich   ,2018-04-25T04:00:00+02:00
NARAMOWICE (50),50,13,34/1,50/13/34/1,0.0012,Zarząd Dróg Miejskich   ,2018-04-25T04:00:00+02:00
NARAMOWICE (50),50,18,31/6,50/18/31/6,0.0137,Zarząd Dróg Miejskich   ,2018-04-25T04:00:00+02:00
NARAMOWICE (50),50,17,1/10,50/17/1/10,0.8853,Zarząd Zieleni Miejskiej   ,2018-12-05T02:00:00+01:00
NARAMOWICE (50),50,11,29/47,50/11/29/47,0.8387,Komenda Wojewódzka Policji w Poznaniu   ,
NARAMOWICE (50),50,24,1/53,50/24/1/53,0.042,Zespół Przedszkoli nr 1   ,2019-12-17T02:00:00+01:00
NARAMOWICE (50),50,24,1/88,50/24/1/88,0.036,Zespół Przedszkoli nr 1   ,2019-12-17T02:00:00+01:00
NARAMOWICE (50),50,14,1/1,50/14/1/1,0.0054,Zarząd Dróg Miejskich   ,
NARAMOWICE (50),50,14,2/1,50/14/2/1,0.1508,Zarząd Dróg Miejskich   ,
ŁAZARZ (39),39,02,52/110,39/02/52/110,0.0603,"Przedszkole nr 100 ""Mali Poznaniacy""   ",
ŁAZARZ (39),39,11,36/1,39/11/36/1,0.0284,PALMIARNIA POZNAŃSKA   ,
ŁAZARZ (39),39,16,3/3,39/16/3/3,0.0712,Prezydent Miasta Poznania   ,
ŁAZARZ (39),39,13,93/2,39/13/93/2,0.1174,Zarząd Zieleni Miejskiej   ,
ŁAZARZ (39),39,08,10/2,39/08/10/2,1.2102,Zespół Szkół Ogólnokształcących Nr 1   ,
ŁAZARZ (39),39,11,48/26,39/11/48/26,0.233,PALMIARNIA POZNAŃSKA   ,
ŁAZARZ (39),39,34,129/1,39/34/129/1,0.0003,Szkoła Podstawowa nr 77 im. 15 Pułku Ułanów Poznańskich   ,
ŁAZARZ (39),39,34,133/4,39/34/133/4,0.172,XXXVII Liceum Ogólnokształcące z Oddziałami Terapeutycznymi   ,2017-12-01T02:00:00+01:00
ŁAZARZ (39),39,17,4/19,39/17/4/19,0.0007,Zespół Szkół Specjalistycznych nr 103 w Poznaniu   ,
ŁAZARZ (39),39,17,26,39/17/26,0.014,Zespół Szkół Ekonomicznych im Stanisława Staszica    ,
ŁAZARZ (39),39,17,23/2,39/17/23/2,0.1207,Zespół Szkół Ekonomicznych im Stanisława Staszica    ,
ŁAZARZ (39),39,12,5,39/12/5,0.0105,Generalna Dyrekcja Dróg Krajowych i Autostrad   ,
ŁAZARZ (39),39,32,113/4,39/32/113/4,0.0127,Szkoła Podstawowa nr 9 im. dra Franciszka Witaszka   ,
PLEWISKA (41),41,06,56/100,41/06/56/100,0.3589,Szkoła Podstawowa nr 78 im.Wiktora Degi   ,2017-09-21T04:00:00+02:00
PLEWISKA (41),41,05,537/5,41/05/537/5,0.0513,Zarząd Dróg Miejskich   ,
ŁAZARZ (39),39,16,55/36,39/16/55/36,0.4354,Miejski Ośrodek Pomocy Rodzinie   ,
ŁAZARZ (39),39,04,5/2,39/04/5/2,2.3765,Zespół Szkół Geodezyjno-Drogowych   ,
ŁAZARZ (39),39,17,8/15,39/17/8/15,0.4837,Zespół Szkół Specjalistycznych nr 103 w Poznaniu   ,
ŁAZARZ (39),39,30,3,39/30/3,0.4896,Zespół Szkół i Placówek Oświatowych   ,
ŁAZARZ (39),39,20,40/1,39/20/40/1,0.002,Szkoła Podstawowa nr 74 im. Mikołaja Kopernika   ,
ŁAZARZ (39),39,20,40/1,39/20/40/1,0.002,Szkoła Podstawowa nr 74 im. Mikołaja Kopernika   ,
ŁAZARZ (39),39,32,113/1,39/32/113/1,0.6939,Szkoła Podstawowa nr 9 im. dra Franciszka Witaszka   ,
ŁAZARZ (39),39,16,55/6,39/16/55/6,0.2976,"Przedszkole nr 40 ""Poznańskie Koziołki""   ",
ŁAZARZ (39),39,36,94/11,39/36/94/11,0.0011,Zespół Szkół nr 8   ,
PLEWISKA (41),41,11,326/2,41/11/326/2,0.3235,Zarząd Dróg Miejskich   ,
ŁAZARZ (39),39,19,59/4,39/19/59/4,3.9751,Poznańskie Ośrodki Sportu i Rekreacji   ,2023-10-18T04:00:00+02:00
ŁAZARZ (39),39,22,4/16,39/22/4/16,0.0276,Zarząd Zieleni Miejskiej   ,2018-02-20T02:00:00+01:00
ŁAZARZ (39),39,16,57/21,39/16/57/21,0.1288,"Przedszkole nr 91 ""Bajka""   ",
ŁAZARZ (39),39,34,140,39/34/140,0.0009,XXXVII Liceum Ogólnokształcące z Oddziałami Terapeutycznymi   ,2017-12-01T02:00:00+01:00
ŁAZARZ (39),39,34,143,39/34/143,0.0537,XXXVII Liceum Ogólnokształcące z Oddziałami Terapeutycznymi   ,2017-12-01T02:00:00+01:00
ŁAZARZ (39),39,24,31/1,39/24/31/1,1.424,Komenda Wojewódzka Policji w Poznaniu   ,
ŁAZARZ (39),39,32,113/3,39/32/113/3,0.0858,Szkoła Podstawowa nr 9 im. dra Franciszka Witaszka   ,
ŁAZARZ (39),39,02,4/57,39/02/4/57,1.2076,Szkoła Podstawowa 91 z Oddziałami Dwujęzycznymi im.Józefa Wybickiego   ,2017-11-23T02:00:00+01:00
ŁAZARZ (39),39,13,64,39/13/64,0.8384,Zarząd Zieleni Miejskiej   ,
ŁAZARZ (39),39,08,36/3,39/08/36/3,0.0924,Zespół Dziennych Domów Pomocy   ,
ŁAZARZ (39),39,20,234,39/20/234,0.095,"Przedszkole nr 83 ""Zuch""   ",
ŁAZARZ (39),39,15,108,39/15/108,0.1086,Przedszkole nr 70 z siedzibą w Poznaniu   ,
ŁAZARZ (39),39,08,3/8,39/08/3/8,0.8783,Komenda Wojewódzka Policji w Poznaniu   ,
ŁAZARZ (39),39,16,55/8,39/16/55/8,0.1006,Zespół Szkół Specjalnych nr 103 im. Marii Grzegorzewskiej   ,2017-07-13T04:00:00+02:00
ŁAZARZ (39),39,24,29/1,39/24/29/1,0.0059,Zarząd Zieleni Miejskiej   ,2016-10-11T04:00:00+02:00
ŁAZARZ (39),39,24,29/2,39/24/29/2,0.1038,Zarząd Zieleni Miejskiej   ,2016-10-11T04:00:00+02:00
ŁAZARZ (39),39,34,135,39/34/135,0.0603,XXXVII Liceum Ogólnokształcące z Oddziałami Terapeutycznymi   ,2017-12-01T02:00:00+01:00
ŁAZARZ (39),39,36,59,39/36/59,0.0763,Przedszkole nr 89   ,
ŁAZARZ (39),39,20,147,39/20/147,0.0435,Przedszkole nr 47   ,
ŁAZARZ (39),39,08,24,39/08/24,0.1341,II Liceum Ogólnokształcące im. Generałowej Zamoyskiej i Heleny Modrzejewskiej   ,
ŁAZARZ (39),39,36,94/6,39/36/94/6,0.732,Zespół Szkół nr 8   ,
ŁAZARZ (39),39,20,148,39/20/148,0.1272,Przedszkole nr 47   ,
PLEWISKA (41),41,06,56/45,41/06/56/45,0.3964,Szkoła Podstawowa nr 78 im.Wiktora Degi   ,2017-09-21T04:00:00+02:00
PLEWISKA (41),41,06,56/114,41/06/56/114,0.4409,Szkoła Podstawowa nr 78 im.Wiktora Degi   ,2017-09-21T04:00:00+02:00
PLEWISKA (41),41,06,1770,41/06/1770,0.7879,Szkoła Podstawowa nr 78 im.Wiktora Degi   ,2017-09-21T04:00:00+02:00
NARAMOWICE (50),50,24,1/19,50/24/1/19,0.4977,Szkoła Podstawowa nr 48 im.Gen.Oswalda Franka   ,
ŁAZARZ (39),39,15,86,39/15/86,0.1156,Komenda Wojewódzka Policji w Poznaniu   ,
ŁAZARZ (39),39,22,13/28,39/22/13/28,0.0036,Zarząd Zieleni Miejskiej   ,2018-02-20T02:00:00+01:00
POZNAŃ (51),51,45,15,51/45/15,0.3029,Zarząd Zieleni Miejskiej   ,
POZNAŃ (51),51,35,38,51/35/38,0.0424,Wielkopolski Urząd Wojewódzki   ,
NARAMOWICE (50),50,28,118/91,50/28/118/91,0.8197,Zarząd Zieleni Miejskiej   ,
POZNAŃ (51),51,08,6/2,51/08/6/2,0.3122,Szkoła Podstawowa nr 13 z Oddziałami Mistrzostwa Sportowego im.Cytadelowców Poznańskich   ,2023-10-10T04:00:00+02:00
POZNAŃ (51),51,09,47,51/09/47,0.0465,"Przedszkole Nr 98 ""Słoneczko""   ",
NARAMOWICE (50),50,19,2/5,50/19/2/5,0.8426,Zespół Szkolno-Przedszkolny nr 1   ,2016-04-27T04:00:00+02:00
POZNAŃ (51),51,02,69/4,51/02/69/4,0.3943,Przedszkole nr 29 im. Plastusia   ,
POZNAŃ (51),51,14,23,51/14/23,0.064,Komenda Wojewódzka Państwowej Straży Pożarnej   ,
POZNAŃ (51),51,14,23,51/14/23,0.064,Komenda Miejska Państwowej Straży Pożarnej w Poznaniu   ,
POZNAŃ (51),51,34,6/1,51/34/6/1,0.0343,VIII Liceum Ogólnokształcące im. Adama Mickiewicza   ,
POZNAŃ (51),51,09,18,51/09/18,0.425,Zarząd Zieleni Miejskiej   ,
POZNAŃ (51),51,28,24,51/28/24,0.0161,Izba Administracji Skarbowej   ,
POZNAŃ (51),51,08,5/2,51/08/5/2,0.6768,Szkoła Podstawowa nr 13 z Oddziałami Mistrzostwa Sportowego im.Cytadelowców Poznańskich   ,2023-10-10T04:00:00+02:00
POZNAŃ (51),51,01,1/27,51/01/1/27,0.0058,Usługi Komunalne   ,
NARAMOWICE (50),50,19,4/22,50/19/4/22,0.3722,Zarząd Zieleni Miejskiej   ,2017-04-12T04:00:00+02:00
NARAMOWICE (50),50,24,1/3,50/24/1/3,0.1221,Zespół Przedszkoli nr 1   ,2019-12-17T02:00:00+01:00
NARAMOWICE (50),50,24,1/63,50/24/1/63,0.038,Szkoła Podstawowa nr 48 im.Gen.Oswalda Franka   ,
POZNAŃ (51),51,45,17/8,51/45/17/8,0.0901,Zarząd Zieleni Miejskiej   ,
POZNAŃ (51),51,08,12/38,51/08/12/38,0.258,Państwowa Bursa Szkół Artystycznych w Poznaniu   ,
POZNAŃ (51),51,08,12/40,51/08/12/40,1.165,Poznańska Ogólnokształcąca Szkoła Muzyczna II stopnia im.Mieczysława Karłowicza   ,
POZNAŃ (51),51,45,20/20,51/45/20/20,0.0169,Usługi Komunalne   ,
POZNAŃ (51),51,09,58,51/09/58,0.0008,Wojewódzka Stacja Sanitarno-Epidemiologiczna   ,2018-06-02T04:00:00+02:00
POZNAŃ (51),51,28,34/3,51/28/34/3,0.001,Regionalna Izba Obrachunkowa w Poznaniu   ,
POZNAŃ (51),51,45,20/13,51/45/20/13,0.0615,Zarząd Zieleni Miejskiej   ,
POZNAŃ (51),51,08,12/34,51/08/12/34,0.0022,Poznańska Ogólnokształcąca Szkoła Muzyczna II stopnia im.Mieczysława Karłowicza   ,
POZNAŃ (51),51,08,12/33,51/08/12/33,0.0784,Poznańska Ogólnokształcąca Szkoła Muzyczna II stopnia im.Mieczysława Karłowicza   ,
POZNAŃ (51),51,05,13/1,51/05/13/1,0.3264,Sąd Okręgowy w Poznaniu   ,
POZNAŃ (51),51,38,2,51/38/2,0.276,Zespół Szkół Budownictwa nr 1   ,
POZNAŃ (51),51,08,6/3,51/08/6/3,0.0652,Szkoła Podstawowa nr 13 z Oddziałami Mistrzostwa Sportowego im.Cytadelowców Poznańskich   ,2023-10-10T04:00:00+02:00
POZNAŃ (51),51,47,18,51/47/18,0.1359,Zespół Szkół Ogólnokształcących nr 7 w Poznaniu   ,
POZNAŃ (51),51,03,3/2,51/03/3/2,0.328,Zarząd Transportu Miejskiego w Poznaniu   ,
POZNAŃ (51),51,08,12/35,51/08/12/35,0.0657,Sąd Apelacyjny w Poznaniu   ,
POZNAŃ (51),51,34,3/7,51/34/3/7,0.0024,Liceum Ogólnokształcące św. Marii Magdaleny   ,
POZNAŃ (51),51,34,3/7,51/34/3/7,0.0024,VIII Liceum Ogólnokształcące im. Adama Mickiewicza   ,
POZNAŃ (51),51,45,20/21,51/45/20/21,1.1006,Zarząd Zieleni Miejskiej   ,
POZNAŃ (51),51,47,16,51/47/16,0.1266,Okręgowy Urząd Miar w Poznaniu   ,
POZNAŃ (51),51,35,37,51/35/37,0.1042,Wielkopolski Urząd Wojewódzki   ,
POZNAŃ (51),51,03,3/3,51/03/3/3,0.1068,Zarząd Transportu Miejskiego w Poznaniu   ,
POZNAŃ (51),51,02,7/3,51/02/7/3,0.195,Zarząd Zieleni Miejskiej   ,
POZNAŃ (51),51,34,6/6,51/34/6/6,0.0016,VIII Liceum Ogólnokształcące im. Adama Mickiewicza   ,
POZNAŃ (51),51,34,6/5,51/34/6/5,0.0001,VIII Liceum Ogólnokształcące im. Adama Mickiewicza   ,
POZNAŃ (51),51,48,2,51/48/2,0.2608,Zarząd Zieleni Miejskiej   ,
POZNAŃ (51),51,08,11/17,51/08/11/17,0.5667,Zespół Ogrodów Jordanowskich   ,2023-10-11T04:00:00+02:00
POZNAŃ (51),51,08,11/18,51/08/11/18,0.0396,Zespół Ogrodów Jordanowskich   ,2023-10-11T04:00:00+02:00
POZNAŃ (51),51,35,36/4,51/35/36/4,0.2545,Wielkopolski Urząd Wojewódzki   ,
POZNAŃ (51),51,08,12/26,51/08/12/26,0.8624,Sąd Okręgowy w Poznaniu   ,
POZNAŃ (51),51,08,11/20,51/08/11/20,0.1125,Prokuratura Okręgowa w Poznaniu   ,
POZNAŃ (51),51,09,40,51/09/40,0.0581,"Przedszkole Nr 98 ""Słoneczko""   ",
POZNAŃ (51),51,09,45,51/09/45,0.0469,"Przedszkole Nr 98 ""Słoneczko""   ",
POZNAŃ (51),51,12,16,51/12/16,0.0926,Prokuratura Rejonowa Poznań-Stare Miasto z siedzibą w Poznaniu   ,
POZNAŃ (51),51,41,52/3,51/41/52/3,0.0385,Wojewódzki Zarząd Melioracji i Urządzeń Wodnych   ,
POZNAŃ (51),51,35,31/2,51/35/31/2,0.6652,VIII Liceum Ogólnokształcące im. Adama Mickiewicza   ,
POZNAŃ (51),51,35,31/2,51/35/31/2,0.6652,Poznańska Szkoła Chóralna Jerzego Kurczewskiego   ,
POZNAŃ (51),51,41,44,51/41/44,0.1922,Wojewódzki Sąd Administracyjny w Poznaniu   ,
POZNAŃ (51),51,12,7,51/12/7,0.4919,Zespół Szkół Zawodowych nr 6 im. Joachima Lelewela   ,
POZNAŃ (51),51,12,7,51/12/7,0.4919,Poradnia Psychologiczno-Pedagogiczna Nr 5 Poznań-Stare Miasto   ,
POZNAŃ (51),51,12,7,51/12/7,0.4919,Centrum Doradztwa Zawodowego dla Młodzieży   ,
POZNAŃ (51),51,12,7,51/12/7,0.4919,Poradnia Psychologiczno-Pedagogiczna Nr 5 Poznań-Stare Miasto   ,
POZNAŃ (51),51,12,7,51/12/7,0.4919,Centrum Doradztwa Zawodowego dla Młodzieży   ,
POZNAŃ (51),51,09,64/1,51/09/64/1,0.0511,"Centrum Wsparcia Rzemiosła,Kształcenia Dualnego i Zawodowego   ",2022-07-27T04:00:00+02:00
POZNAŃ (51),51,01,1/5,51/01/1/5,0.3661,Młodzieżowy Dom Kultury nr 2   ,
POZNAŃ (51),51,08,15/14,51/08/15/14,0.0163,Zespół Ogrodów Jordanowskich   ,2023-10-11T04:00:00+02:00
POZNAŃ (51),51,08,15/15,51/08/15/15,0.1458,Zespół Ogrodów Jordanowskich   ,2023-10-11T04:00:00+02:00
POZNAŃ (51),51,33,5/11,51/33/5/11,0.1523,Zespół Szkół Odzieżowych im. Władysława Reymonta w Poznaniu   ,
POZNAŃ (51),51,31,7,51/31/7,0.0237,Wielkopolskie Samorządowe Centrum Kształcenia Zawodowego i Ustawicznego nr 2   ,
POZNAŃ (51),51,14,17/15,51/14/17/15,0.05,Komenda Wojewódzka Państwowej Straży Pożarnej   ,
POZNAŃ (51),51,14,17/15,51/14/17/15,0.05,Komenda Miejska Państwowej Straży Pożarnej w Poznaniu   ,
POZNAŃ (51),51,09,59,51/09/59,0.0198,Wojewódzka Stacja Sanitarno-Epidemiologiczna   ,
POZNAŃ (51),51,09,60,51/09/60,0.1624,Wojewódzka Stacja Sanitarno-Epidemiologiczna   ,
WINIARY (52),52,28,97/91,52/28/97/91,4.9836,Zarząd Zieleni Miejskiej   ,
WINIARY (52),52,25,12/7,52/25/12/7,0.0221,Zarząd Transportu Miejskiego w Poznaniu   ,
WINIARY (52),52,25,12/6,52/25/12/6,0.1089,Zarząd Transportu Miejskiego w Poznaniu   ,
WINIARY (52),52,28,97/83,52/28/97/83,0.1131,Zarząd Zieleni Miejskiej   ,
POZNAŃ (51),51,28,20,51/28/20,0.016,Izba Administracji Skarbowej   ,
POZNAŃ (51),51,09,64/2,51/09/64/2,0.0172,"Centrum Wsparcia Rzemiosła,Kształcenia Dualnego i Zawodowego   ",2022-07-27T04:00:00+02:00
POZNAŃ (51),51,25,26/2,51/25/26/2,0.0372,Generalna Dyrekcja Dróg Krajowych i Autostrad Oddział w Poznaniu   ,
NARAMOWICE (50),50,24,1/18,50/24/1/18,0.0013,Szkoła Podstawowa nr 48 im.Gen.Oswalda Franka   ,
NARAMOWICE (50),50,24,1/20,50/24/1/20,0.0012,Szkoła Podstawowa nr 48 im.Gen.Oswalda Franka   ,
POZNAŃ (51),51,08,12/32,51/08/12/32,0.4219,Sąd Apelacyjny w Poznaniu   ,
POZNAŃ (51),51,02,6/2,51/02/6/2,0.2353,Zarząd Zieleni Miejskiej   ,
POZNAŃ (51),51,46,2/8,51/46/2/8,0.0185,Szkoła Podstawowa nr 75 im. Powstańców Wielkopolskich   ,
POZNAŃ (51),51,46,2/11,51/46/2/11,0.001,Szkoła Podstawowa nr 75 im. Powstańców Wielkopolskich   ,
POZNAŃ (51),51,46,2/10,51/46/2/10,0.0018,Szkoła Podstawowa nr 75 im. Powstańców Wielkopolskich   ,
POZNAŃ (51),51,02,64/6,51/02/64/6,0.0747,Zarząd Zieleni Miejskiej   ,
POZNAŃ (51),51,09,14/2,51/09/14/2,1.6148,Zarząd Zieleni Miejskiej   ,
POZNAŃ (51),51,45,17/5,51/45/17/5,1.3797,Zarząd Zieleni Miejskiej   ,
POZNAŃ (51),51,45,18/2,51/45/18/2,0.157,Zarząd Zieleni Miejskiej   ,
POZNAŃ (51),51,45,20/18,51/45/20/18,2.2903,Zarząd Zieleni Miejskiej   ,
POZNAŃ (51),51,14,32/3,51/14/32/3,0.0453,Prezydent Miasta Poznania   ,
POZNAŃ (51),51,08,12/29,51/08/12/29,0.0596,Poznańska Ogólnokształcąca Szkoła Muzyczna II stopnia im.Mieczysława Karłowicza   ,2016-04-26T04:00:00+02:00
POZNAŃ (51),51,08,12/29,51/08/12/29,0.0596,Państwowa Bursa Szkół Artystycznych w Poznaniu   ,2016-04-26T04:00:00+02:00
POZNAŃ (51),51,46,2/2,51/46/2/2,0.3392,Szkoła Podstawowa nr 75 im. Powstańców Wielkopolskich   ,2018-05-19T04:00:00+02:00
POZNAŃ (51),51,46,2/4,51/46/2/4,0.2661,Szkoła Podstawowa nr 75 im. Powstańców Wielkopolskich   ,2018-05-19T04:00:00+02:00
POZNAŃ (51),51,08,12/20,51/08/12/20,0.3722,Prokuratura Okręgowa w Poznaniu   ,
POZNAŃ (51),51,11,3/33,51/11/3/33,0.0649,Sąd Rejonowy Poznań - Stare Miasto w Poznaniu   ,
POZNAŃ (51),51,02,9/4,51/02/9/4,4.9771,Szkoła Podstawowa nr 13 z Oddziałami Mistrzostwa Sportowego im.Cytadelowców Poznańskich   ,2023-10-10T04:00:00+02:00
POZNAŃ (51),51,33,4,51/33/4,0.0667,Zarząd Transportu Miejskiego w Poznaniu   ,
POZNAŃ (51),51,22,9,51/22/9,0.2511,Wielkopolski Urząd Wojewódzki   ,
POZNAŃ (51),51,13,15/3,51/13/15/3,0.2962,Sąd Rejonowy Poznań - Nowe Miasto i Wilda w Poznaniu   ,2018-06-02T04:00:00+02:00
POZNAŃ (51),51,13,15/3,51/13/15/3,0.2962,Sąd Okręgowy w Poznaniu   ,2018-06-02T04:00:00+02:00
POZNAŃ (51),51,41,52/1,51/41/52/1,0.0229,Wojewódzki Zarząd Melioracji i Urządzeń Wodnych   ,
POZNAŃ (51),51,03,12/4,51/03/12/4,0.0995,Zarząd Transportu Miejskiego w Poznaniu   ,
POZNAŃ (51),51,03,10/1,51/03/10/1,0.0511,Zarząd Transportu Miejskiego w Poznaniu   ,
POZNAŃ (51),51,22,8,51/22/8,0.3974,Wielkopolski Urząd Wojewódzki   ,
POZNAŃ (51),51,28,21,51/28/21,0.1505,Izba Administracji Skarbowej   ,
POZNAŃ (51),51,08,11/25,51/08/11/25,0.0056,Prokuratura Okręgowa w Poznaniu   ,
POZNAŃ (51),51,02,5/3,51/02/5/3,0.0222,Zarząd Zieleni Miejskiej   ,
POZNAŃ (51),51,23,17/2,51/23/17/2,0.1274,Przedszkole Specjalne nr 164   ,
POZNAŃ (51),51,34,3/9,51/34/3/9,0.0134,VIII Liceum Ogólnokształcące im. Adama Mickiewicza   ,
POZNAŃ (51),51,37,11/2,51/37/11/2,0.8364,Zespół Szkolno-Przedszkolny nr 16   ,2023-08-17T04:00:00+02:00
POZNAŃ (51),51,28,18/4,51/28/18/4,0.01,Izba Administracji Skarbowej   ,
POZNAŃ (51),51,17,62,51/17/62,0.0442,Ogólnokształcąca Szkoła Baletowa im. Olgi Sławskiej-Lipczyńskiej   ,
POZNAŃ (51),51,14,26,51/14/26,0.069,Zarząd Zieleni Miejskiej   ,
POZNAŃ (51),51,14,20,51/14/20,0.0211,Komenda Wojewódzka Państwowej Straży Pożarnej   ,
POZNAŃ (51),51,14,20,51/14/20,0.0211,Komenda Miejska Państwowej Straży Pożarnej w Poznaniu   ,
POZNAŃ (51),51,47,17,51/47/17,0.0517,Zespół Burs Szkolnych   ,
POZNAŃ (51),51,47,22,51/47/22,0.0937,Zespół Szkół Ogólnokształcących nr 7 w Poznaniu   ,
POZNAŃ (51),51,02,66,51/02/66,1.4542,Zarząd Zieleni Miejskiej   ,
POZNAŃ (51),51,22,5,51/22/5,0.249,Wielkopolski Urząd Wojewódzki   ,
POZNAŃ (51),51,13,16,51/13/16,0.3105,Komenda Wojewódzka Policji w Poznaniu   ,
POZNAŃ (51),51,03,11/1,51/03/11/1,0.0212,Zarząd Transportu Miejskiego w Poznaniu   ,
POZNAŃ (51),51,28,35/1,51/28/35/1,0.3577,Zarząd Zieleni Miejskiej   ,
POZNAŃ (51),51,25,27/2,51/25/27/2,0.0121,Generalna Dyrekcja Dróg Krajowych i Autostrad Oddział w Poznaniu   ,
NARAMOWICE (50),50,12,5/9,50/12/5/9,0.9842,Zarząd Dróg Miejskich   ,
POZNAŃ (51),51,31,6/1,51/31/6/1,0.1774,Wielkopolskie Samorządowe Centrum Kształcenia Zawodowego i Ustawicznego nr 2   ,2019-08-07T04:00:00+02:00
POZNAŃ (51),51,33,5/7,51/33/5/7,0.4767,"Przedszkole nr 74 ""Misia Uszatka""   ",
NARAMOWICE (50),50,19,4/8,50/19/4/8,0.1685,Zespół Szkolno-Przedszkolny nr 1   ,2016-04-27T04:00:00+02:00
NARAMOWICE (50),50,19,3/5,50/19/3/5,0.9655,Zespół Szkolno-Przedszkolny nr 1   ,2016-04-27T04:00:00+02:00
POZNAŃ (51),51,09,11,51/09/11,0.085,Wojewódzka Stacja Sanitarno-Epidemiologiczna   ,
NARAMOWICE (50),50,09,63/2,50/09/63/2,0.0415,Szkoła Podstawowa nr 60 im. W. Bogusławskiego   ,
NARAMOWICE (50),50,18,23/1,50/18/23/1,0.0222,Prezydent Miasta Poznania   ,
NARAMOWICE (50),50,27,8/3,50/27/8/3,0.0531,Krajowe Centrum Hodowli Zwierząt w Warszawie   ,
NARAMOWICE (50),50,19,5/7,50/19/5/7,0.001,Zarząd Zieleni Miejskiej   ,2017-04-12T04:00:00+02:00
POZNAŃ (51),51,46,2/12,51/46/2/12,0.0571,Szkoła Podstawowa nr 75 im. Powstańców Wielkopolskich   ,
POZNAŃ (51),51,23,52/4,51/23/52/4,1.8731,Zarząd Zieleni Miejskiej   ,
POZNAŃ (51),51,33,7/3,51/33/7/3,0.6728,Zarząd Zieleni Miejskiej   ,
POZNAŃ (51),51,33,7/1,51/33/7/1,0.005,Zarząd Zieleni Miejskiej   ,
POZNAŃ (51),51,33,7/2,51/33/7/2,0.0228,Zarząd Zieleni Miejskiej   ,
POZNAŃ (51),51,35,29/3,51/35/29/3,0.0065,VIII Liceum Ogólnokształcące im. Adama Mickiewicza   ,
POZNAŃ (51),51,14,17/26,51/14/17/26,0.0006,Komenda Wojewódzka Państwowej Straży Pożarnej   ,
POZNAŃ (51),51,14,17/26,51/14/17/26,0.0006,Komenda Miejska Państwowej Straży Pożarnej w Poznaniu   ,
POZNAŃ (51),51,14,24/2,51/14/24/2,0.0265,Zarząd Zieleni Miejskiej   ,
POZNAŃ (51),51,02,7/7,51/02/7/7,0.1324,Zarząd Zieleni Miejskiej   ,
POZNAŃ (51),51,02,62/11,51/02/62/11,1.1316,XII Liceum Ogólnokształcące im. Marii Skłodowskiej-Curie   ,
POZNAŃ (51),51,14,17/12,51/14/17/12,0.5224,Komenda Wojewódzka Państwowej Straży Pożarnej   ,
POZNAŃ (51),51,14,17/12,51/14/17/12,0.5224,Komenda Miejska Państwowej Straży Pożarnej w Poznaniu   ,
POZNAŃ (51),51,12,25/4,51/12/25/4,0.0799,Izba Administracji Skarbowej   ,
POZNAŃ (51),51,25,33,51/25/33,0.0544,Sąd Rejonowy Poznań - Stare Miasto w Poznaniu   ,
POZNAŃ (51),51,25,33,51/25/33,0.0544,Sąd Rejonowy Poznań - Nowe Miasto i Wilda w Poznaniu   ,
POZNAŃ (51),51,25,31/1,51/25/31/1,0.087,Generalna Dyrekcja Dróg Krajowych i Autostrad Oddział w Poznaniu   ,
POZNAŃ (51),51,22,6,51/22/6,0.3,Wielkopolski Urząd Wojewódzki   ,2022-06-28T04:00:00+02:00
POZNAŃ (51),51,29,13,51/29/13,0.0844,Zarząd Zieleni Miejskiej   ,
POZNAŃ (51),51,34,4/1,51/34/4/1,0.1151,Liceum Ogólnokształcące św. Marii Magdaleny   ,
POZNAŃ (51),51,34,4/1,51/34/4/1,0.1151,VIII Liceum Ogólnokształcące im. Adama Mickiewicza   ,
POZNAŃ (51),51,23,26/1,51/23/26/1,1.1708,Zarząd Zieleni Miejskiej   ,
POZNAŃ (51),51,33,9,51/33/9,0.3488,Zarząd Zieleni Miejskiej   ,
POZNAŃ (51),51,05,24,51/05/24,0.3851,Zespół Szkolno-Przedszkolny nr 4   ,2017-07-18T04:00:00+02:00
POZNAŃ (51),51,05,1/6,51/05/1/6,0.016,Regionalny Zarząd Gospodarki Wodnej w Poznaniu   ,
POZNAŃ (51),51,05,1/7,51/05/1/7,1.7459,Regionalny Zarząd Gospodarki Wodnej w Poznaniu   ,
POZNAŃ (51),51,19,17,51/19/17,0.1576,Wielkopolski Urząd Wojewódzki   ,2023-02-17T02:00:00+01:00
POZNAŃ (51),51,34,6/8,51/34/6/8,0.0071,Liceum Ogólnokształcące św. Marii Magdaleny   ,
POZNAŃ (51),51,34,6/8,51/34/6/8,0.0071,VIII Liceum Ogólnokształcące im. Adama Mickiewicza   ,
POZNAŃ (51),51,34,3/11,51/34/3/11,0.0007,VIII Liceum Ogólnokształcące im. Adama Mickiewicza   ,
POZNAŃ (51),51,06,8,51/06/8,0.0608,Zarząd Transportu Miejskiego w Poznaniu   ,
POZNAŃ (51),51,45,17/1,51/45/17/1,1.3685,Zarząd Zieleni Miejskiej   ,
POZNAŃ (51),51,28,30,51/28/30,0.4853,III Liceum Ogólnokształcące im. św. Jana Kantego   ,2018-05-19T04:00:00+02:00
POZNAŃ (51),51,14,6,51/14/6,0.0599,Wojewódzki Inspektorat Inspekcji Handlowej z siedzibą w Poznaniu   ,
POZNAŃ (51),51,14,6,51/14/6,0.0599,Wojewódzki Inspektorat Inspekcji Handlowej z siedzibą w Poznaniu   ,
POZNAŃ (51),51,41,54/1,51/41/54/1,0.0109,Wojewódzki Zarząd Melioracji i Urządzeń Wodnych   ,
POZNAŃ (51),51,41,53,51/41/53,0.0063,"Wielkopolski Zarząd Geodezji, Kartografii i Administrowania Mieniem   ",
POZNAŃ (51),51,31,6/2,51/31/6/2,0.0986,Wielkopolskie Samorządowe Centrum Kształcenia Zawodowego i Ustawicznego nr 2   ,
POZNAŃ (51),51,41,43/2,51/41/43/2,0.0716,Wojewódzki Sąd Administracyjny w Poznaniu   ,
POZNAŃ (51),51,28,19,51/28/19,0.0352,Izba Administracji Skarbowej   ,
POZNAŃ (51),51,08,4/1,51/08/4/1,0.0073,Szkoła Podstawowa nr 13 z Oddziałami Mistrzostwa Sportowego im.Cytadelowców Poznańskich   ,2023-10-10T04:00:00+02:00
POZNAŃ (51),51,13,1/1,51/13/1/1,0.0296,Sąd Rejonowy Poznań - Stare Miasto w Poznaniu   ,
POZNAŃ (51),51,02,2/3,51/02/2/3,0.0614,Zarząd Zieleni Miejskiej   ,
POZNAŃ (51),51,28,18/2,51/28/18/2,0.0541,Izba Administracji Skarbowej   ,
POZNAŃ (51),51,28,35/2,51/28/35/2,0.2647,Regionalna Izba Obrachunkowa w Poznaniu   ,
POZNAŃ (51),51,25,37/1,51/25/37/1,0.0415,Generalna Dyrekcja Dróg Krajowych i Autostrad Oddział w Poznaniu   ,
POZNAŃ (51),51,25,28/1,51/25/28/1,0.0287,Generalna Dyrekcja Dróg Krajowych i Autostrad Oddział w Poznaniu   ,
POZNAŃ (51),51,41,61/1,51/41/61/1,0.0045,"Wielkopolski Zarząd Geodezji, Kartografii i Administrowania Mieniem   ",
POZNAŃ (51),51,08,12/10,51/08/12/10,0.0038,Prokuratura Okręgowa w Poznaniu   ,
POZNAŃ (51),51,08,12/11,51/08/12/11,0.1027,Prokuratura Okręgowa w Poznaniu   ,
POZNAŃ (51),51,41,52/4,51/41/52/4,0.0025,Wojewódzki Zarząd Melioracji i Urządzeń Wodnych   ,
POZNAŃ (51),51,09,4,51/09/4,0.0854,Wojewódzka Stacja Sanitarno-Epidemiologiczna   ,
POZNAŃ (51),51,41,42,51/41/42,0.0796,Wojewódzki Sąd Administracyjny w Poznaniu   ,
NARAMOWICE (50),50,09,63/1,50/09/63/1,0.3045,Szkoła Podstawowa nr 60 im. W. Bogusławskiego   ,
NARAMOWICE (50),50,09,62/1,50/09/62/1,0.5044,Szkoła Podstawowa nr 60 im. W. Bogusławskiego   ,
NARAMOWICE (50),50,09,61/2,50/09/61/2,0.0628,Szkoła Podstawowa nr 60 im. W. Bogusławskiego   ,
POZNAŃ (51),51,23,2/8,51/23/2/8,0.5487,Zarząd Zieleni Miejskiej   ,
POZNAŃ (51),51,34,5,51/34/5,0.2038,VIII Liceum Ogólnokształcące im. Adama Mickiewicza   ,
POZNAŃ (51),51,45,20/16,51/45/20/16,0.5183,Zarząd Zieleni Miejskiej   ,
POZNAŃ (51),51,29,25/4,51/29/25/4,0.0889,Poznańskie Centrum Świadczeń   ,
POZNAŃ (51),51,29,24/4,51/29/24/4,0.0036,Poznańskie Centrum Świadczeń   ,
POZNAŃ (51),51,02,5/5,51/02/5/5,0.4785,Zarząd Zieleni Miejskiej   ,
POZNAŃ (51),51,35,32,51/35/32,0.0003,VIII Liceum Ogólnokształcące im. Adama Mickiewicza   ,
POZNAŃ (51),51,35,32,51/35/32,0.0003,Poznańska Szkoła Chóralna Jerzego Kurczewskiego   ,
POZNAŃ (51),51,09,65/1,51/09/65/1,0.0474,"Centrum Wsparcia Rzemiosła,Kształcenia Dualnego i Zawodowego   ",2022-07-27T04:00:00+02:00
POZNAŃ (51),51,09,65/2,51/09/65/2,0.0004,"Centrum Wsparcia Rzemiosła,Kształcenia Dualnego i Zawodowego   ",2022-07-27T04:00:00+02:00
POZNAŃ (51),51,08,15/19,51/08/15/19,0.1194,Zespół Ogrodów Jordanowskich   ,2023-10-11T04:00:00+02:00
POZNAŃ (51),51,08,15/18,51/08/15/18,0.002,Zespół Ogrodów Jordanowskich   ,2023-10-11T04:00:00+02:00
POZNAŃ (51),51,08,15/21,51/08/15/21,0.0078,Zespół Ogrodów Jordanowskich   ,2023-10-11T04:00:00+02:00
POZNAŃ (51),51,08,15/20,51/08/15/20,0.0003,Zespół Ogrodów Jordanowskich   ,2023-10-11T04:00:00+02:00
POZNAŃ (51),51,02,69/3,51/02/69/3,0.1029,Zarząd Zieleni Miejskiej   ,
POZNAŃ (51),51,29,14/2,51/29/14/2,1.1508,Zarząd Zieleni Miejskiej   ,
POZNAŃ (51),51,12,6,51/12/6,0.0172,Zespół Szkół Zawodowych nr 6 im. Joachima Lelewela   ,
POZNAŃ (51),51,12,6,51/12/6,0.0172,Poradnia Psychologiczno-Pedagogiczna Nr 5 Poznań-Stare Miasto   ,
POZNAŃ (51),51,12,6,51/12/6,0.0172,Centrum Doradztwa Zawodowego dla Młodzieży   ,
POZNAŃ (51),51,12,6,51/12/6,0.0172,Poradnia Psychologiczno-Pedagogiczna Nr 5 Poznań-Stare Miasto   ,
POZNAŃ (51),51,12,6,51/12/6,0.0172,Centrum Doradztwa Zawodowego dla Młodzieży   ,
POZNAŃ (51),51,48,6/12,51/48/6/12,0.3515,Zarząd Zieleni Miejskiej   ,
POZNAŃ (51),51,09,57,51/09/57,0.1468,Wojewódzka Stacja Sanitarno-Epidemiologiczna   ,
POZNAŃ (51),51,02,5/2,51/02/5/2,0.0163,Zarząd Zieleni Miejskiej   ,
POZNAŃ (51),51,34,3/12,51/34/3/12,1.3031,VIII Liceum Ogólnokształcące im. Adama Mickiewicza   ,
POZNAŃ (51),51,02,2/7,51/02/2/7,0.0241,Zarząd Zieleni Miejskiej   ,
POZNAŃ (51),51,02,2/8,51/02/2/8,0.0153,Zarząd Zieleni Miejskiej   ,
POZNAŃ (51),51,22,7/1,51/22/7/1,0.1162,Wielkopolski Urząd Wojewódzki   ,2022-06-28T04:00:00+02:00
POZNAŃ (51),51,22,10/1,51/22/10/1,0.0994,Wielkopolski Urząd Wojewódzki   ,
POZNAŃ (51),51,33,5/12,51/33/5/12,1.6705,Zespół Szkół Odzieżowych im. Władysława Reymonta w Poznaniu   ,
POZNAŃ (51),51,13,15/1,51/13/15/1,0.47,Sąd Rejonowy Poznań - Stare Miasto w Poznaniu   ,
POZNAŃ (51),51,09,80,51/09/80,0.0456,"Przedszkole Nr 75 ""Przyjaciele Włóczykija""   ",
POZNAŃ (51),51,09,81,51/09/81,0.1007,"Przedszkole Nr 75 ""Przyjaciele Włóczykija""   ",
POZNAŃ (51),51,29,12,51/29/12,0.2236,Zarząd Zieleni Miejskiej   ,
WILDA (61),61,15,104,61/15/104,0.9917,Liceum Ogólnokształcące nr 5 im. Klaudyny Potockiej   ,
WILDA (61),61,09,10,61/09/10,0.0946,Zarząd Zieleni Miejskiej   ,
WILDA (61),61,20,137,61/20/137,0.1028,"Przedszkole nr 176 ""Bajkowy Domek""   ",
WILDA (61),61,06,64,61/06/64,0.031,Dom Pomocy Społecznej im.Błogosławionego Edmunda Bojanowskiego   ,2016-06-09T04:00:00+02:00
WINIARY (52),52,22,128,52/22/128,0.1698,Zespół Przedszkoli nr 3   ,
PIĄTKOWO (53),53,11,258/29,53/11/258/29,0.3797,Poznański Zespół Żłobków   ,
WILDA (61),61,13,80,61/13/80,0.0572,Zespół Szkolno-Przedszkolny nr 18   ,
WILDA (61),61,13,93/4,61/13/93/4,0.0176,Zespół Szkolno-Przedszkolny nr 18   ,
WILDA (61),61,15,105,61/15/105,0.3148,Liceum Ogólnokształcące nr 5 im. Klaudyny Potockiej   ,
WILDA (61),61,14,155/3,61/14/155/3,0.0042,"Przedszkole nr 42 ""Kwiaty Polskie""   ",
WILDA (61),61,13,48,61/13/48,0.0023,Zarząd Zieleni Miejskiej   ,
WILDA (61),61,09,7/2,61/09/7/2,0.015,Zarząd Zieleni Miejskiej   ,
WILDA (61),61,09,3/4,61/09/3/4,0.2309,Zarząd Zieleni Miejskiej   ,
WILDA (61),61,13,93/3,61/13/93/3,0.0109,Zespół Szkolno-Przedszkolny nr 18   ,
WILDA (61),61,14,142/10,61/14/142/10,0.1219,Zarząd Zieleni Miejskiej   ,2016-10-22T04:00:00+02:00
WILDA (61),61,09,4/13,61/09/4/13,0.2092,Poznańskie Ośrodki Sportu i Rekreacji   ,
WILDA (61),61,24,63/13,61/24/63/13,0.2681,Instytut Pamięci Narodowej-Komisja Ścigania Zbrodni przeciwko Narodowi Polskiemu   ,
WILDA (61),61,20,114/2,61/20/114/2,0.0099,Zarząd Transportu Miejskiego w Poznaniu   ,
WILDA (61),61,20,130,61/20/130,0.1173,Zespół Dziennych Domów Pomocy   ,
WILDA (61),61,13,66/2,61/13/66/2,0.0215,Straż Miejska Miasta Poznania   ,
WILDA (61),61,14,158/5,61/14/158/5,0.3855,"Przedszkole nr 42 ""Kwiaty Polskie""   ",
WILDA (61),61,16,2,61/16/2,6.2498,Młodzieżowy Dom Kultury nr 1   ,
WILDA (61),61,24,63/14,61/24/63/14,1.2005,Agencja Bezpieczeństwa Wewnętrznego   ,2022-08-26T04:00:00+02:00
WILDA (61),61,15,90,61/15/90,0.0078,Liceum Ogólnokształcące nr 5 im. Klaudyny Potockiej   ,
WILDA (61),61,06,151/2,61/06/151/2,0.0366,Zespół Szkół nr 5   ,
WILDA (61),61,13,47,61/13/47,0.0927,Zarząd Zieleni Miejskiej   ,
WILDA (61),61,09,12/1,61/09/12/1,0.0742,Poznańskie Ośrodki Sportu i Rekreacji   ,
WILDA (61),61,13,53,61/13/53,0.381,Zarząd Zieleni Miejskiej   ,
WILDA (61),61,12,76,61/12/76,0.1091,Zespół Szkół Komunikacji im. Hipolita Cegielskiego w Poznaniu   ,
WILDA (61),61,06,86,61/06/86,0.1242,"Przedszkole nr 87 ""Jacusia i Agatki ""   ",
WILDA (61),61,06,87,61/06/87,0.1396,"Przedszkole nr 87 ""Jacusia i Agatki ""   ",
WILDA (61),61,15,114/1,61/15/114/1,0.0234,Komenda Wojewódzka Policji w Poznaniu   ,
WILDA (61),61,06,150,61/06/150,0.0169,Zespół Szkół nr 5   ,
WILDA (61),61,13,82,61/13/82,0.0647,Zespół Szkolno-Przedszkolny nr 18   ,
WILDA (61),61,09,14/6,61/09/14/6,0.0547,Zarząd Zieleni Miejskiej   ,
WILDA (61),61,09,17/1,61/09/17/1,0.0612,Poznańskie Ośrodki Sportu i Rekreacji   ,
WILDA (61),61,12,99/2,61/12/99/2,0.5901,Zespół Szkolno-Przedszkolny nr 18   ,
WILDA (61),61,12,99/2,61/12/99/2,0.5901,Zespół Szkół Budownictwa nr 1   ,
WILDA (61),61,14,153/4,61/14/153/4,0.0705,"Przedszkole nr 42 ""Kwiaty Polskie""   ",
WILDA (61),61,14,154/4,61/14/154/4,0.0024,"Przedszkole nr 42 ""Kwiaty Polskie""   ",
WILDA (61),61,14,75/4,61/14/75/4,0.0609,Zarząd Zieleni Miejskiej   ,2016-04-05T04:00:00+02:00
WILDA (61),61,14,158/7,61/14/158/7,0.0008,Poznański Zespół Żłobków   ,
WILDA (61),61,14,169/9,61/14/169/9,0.0827,Poznański Zespół Żłobków   ,
WILDA (61),61,09,4/20,61/09/4/20,6.1054,Poznańskie Ośrodki Sportu i Rekreacji   ,
WILDA (61),61,13,93/6,61/13/93/6,1.1874,Zespół Szkolno-Przedszkolny nr 18   ,
WILDA (61),61,15,127/2,61/15/127/2,0.202,Izba Administracji Skarbowej   ,
WILDA (61),61,15,131/3,61/15/131/3,1.9,Izba Administracji Skarbowej   ,
WILDA (61),61,13,81,61/13/81,0.0497,Zespół Szkolno-Przedszkolny nr 18   ,
WILDA (61),61,15,87/2,61/15/87/2,0.3584,Zarząd Zieleni Miejskiej   ,
WILDA (61),61,20,144/3,61/20/144/3,0.009,Zarząd Transportu Miejskiego w Poznaniu   ,
WILDA (61),61,13,50,61/13/50,0.0763,Zarząd Zieleni Miejskiej   ,
WILDA (61),61,14,169/3,61/14/169/3,0.0039,"Przedszkole nr 42 ""Kwiaty Polskie""   ",
WILDA (61),61,06,152/2,61/06/152/2,0.1431,Zespół Szkół nr 5   ,
WILDA (61),61,14,149,61/14/149,0.1551,Poznański Zespół Żłobków   ,
WILDA (61),61,14,150,61/14/150,0.016,Poznański Zespół Żłobków   ,
WILDA (61),61,15,103,61/15/103,0.0474,Liceum Ogólnokształcące nr 5 im. Klaudyny Potockiej   ,
WILDA (61),61,20,42/28,61/20/42/28,0.9067,Zespół Szkolno-Przedszkolny nr 17   ,
WILDA (61),61,15,128,61/15/128,0.1207,Izba Administracji Skarbowej   ,
WILDA (61),61,14,151,61/14/151,0.0145,Poznański Zespół Żłobków   ,
WILDA (61),61,12,75,61/12/75,0.2581,Zespół Szkół Komunikacji im. Hipolita Cegielskiego w Poznaniu   ,
WILDA (61),61,09,14/3,61/09/14/3,0.1948,Poznańskie Ośrodki Sportu i Rekreacji   ,
WILDA (61),61,14,152,61/14/152,0.023,Poznański Zespół Żłobków   ,
WILDA (61),61,06,83/2,61/06/83/2,0.2036,"Przedszkole nr 87 ""Jacusia i Agatki ""   ",
WILDA (61),61,15,89/2,61/15/89/2,0.7532,Liceum Ogólnokształcące nr 5 im. Klaudyny Potockiej   ,
WILDA (61),61,06,153,61/06/153,0.017,Zespół Szkół nr 5   ,
WILDA (61),61,06,133,61/06/133,0.714,Zespół Szkół nr 5   ,
WILDA (61),61,09,12/3,61/09/12/3,0.0075,Poznańskie Ośrodki Sportu i Rekreacji   ,
WILDA (61),61,14,148,61/14/148,0.0694,Poznański Zespół Żłobków   ,
WILDA (61),61,13,49,61/13/49,0.0538,Zarząd Zieleni Miejskiej   ,
WILDA (61),61,15,113,61/15/113,0.1242,Komenda Wojewódzka Policji w Poznaniu   ,
WILDA (61),61,20,124/4,61/20/124/4,0.0475,Zarząd Transportu Miejskiego w Poznaniu   ,
WILDA (61),61,15,102,61/15/102,0.0135,Liceum Ogólnokształcące nr 5 im. Klaudyny Potockiej   ,